X,id,motif_alt_id,sequence_name,start,stop,strand,score,p_value,q.value,matched_sequence,Cluster
9,MA0549.1,BZR2,M_nitens_GLDP1pro,677,687,+,9.46835,7.09E-05,0.106,gacacgtatgc,8
10,MA0549.1,BZR2,M_nitens_GLDP1pro,1026,1036,+,13.2025,1.75E-05,0.0349,tacacgtggaa,8
11,MA0549.1,BZR2,At_GLDP1pro,1376,1386,+,13.2025,1.75E-05,0.0349,TACACGTGGAA,8
12,MA0549.1,BZR2,M_nitens_GLDP1pro,719,729,+,8.44304,9.50E-05,0.113,gacacgtgctc,8
13,MA0549.1,BZR2,M_nitens_GLDP1pro,718,728,-,15.7722,3.67E-06,0.0219,AGCACGTGTCA,8
40,MA0560.1,PIF3,At_GLDP1pro,1377,1386,-,13.5312,1.76E-05,0.0525,TTCCACGTGT,8
41,MA0560.1,PIF3,M_nitens_GLDP1pro,720,729,-,11.4688,4.83E-05,0.0905,GAGCACGTGT,8
42,MA0560.1,PIF3,At_GLDP1pro,1375,1384,+,10.1719,7.59E-05,0.0905,ATACACGTGG,8
43,MA0560.1,PIF3,M_nitens_GLDP1pro,1027,1036,-,13.5312,1.76E-05,0.0525,TTCCACGTGT,8
44,MA0560.1,PIF3,M_nitens_GLDP1pro,1025,1034,+,10.1719,7.59E-05,0.0905,atacacgtgg,8
45,MA0560.1,PIF3,M_nitens_GLDP1pro,718,727,+,9.46875,9.61E-05,0.0956,tgacacgtgc,8
46,MA0561.1,PIF4,At_GLDP1pro,1376,1383,-,11.3382,5.51E-05,0.0659,CACGTGTA,8
47,MA0561.1,PIF4,At_GLDP1pro,1378,1385,+,14.0882,1.53E-05,0.0404,CACGTGGA,8
48,MA0561.1,PIF4,M_nitens_GLDP1pro,1028,1035,+,14.0882,1.53E-05,0.0404,cacgtgga,8
49,MA0561.1,PIF4,M_nitens_GLDP1pro,1026,1033,-,11.3382,5.51E-05,0.0659,CACGTGTA,8
50,MA0561.1,PIF4,M_nitens_GLDP1pro,719,726,-,14,2.03E-05,0.0404,CACGTGTC,8
51,MA0562.1,PIF5,M_nitens_GLDP1pro,1027,1034,-,11.8971,5.96E-05,0.144,CCACGTGT,8
52,MA0562.1,PIF5,At_GLDP1pro,1377,1384,+,3.11765,9.61E-05,0.144,ACACGTGG,8
53,MA0562.1,PIF5,M_nitens_GLDP1pro,1027,1034,+,3.11765,9.61E-05,0.144,acacgtgg,8
54,MA0562.1,PIF5,At_GLDP1pro,1377,1384,-,11.8971,5.96E-05,0.144,CCACGTGT,8
57,MA0566.1,MYC2,M_nitens_GLDP1pro,720,727,-,14.025,1.26E-05,0.0376,GCACGTGT,8
58,MA0566.1,MYC2,M_nitens_GLDP1pro,1027,1034,+,11.4375,7.02E-05,0.0699,acacgtgg,8
59,MA0566.1,MYC2,M_nitens_GLDP1pro,720,727,+,14.025,1.26E-05,0.0376,acacgtgc,8
60,MA0566.1,MYC2,At_GLDP1pro,1377,1384,-,11.4375,7.02E-05,0.0699,CCACGTGT,8
61,MA0566.1,MYC2,At_GLDP1pro,1377,1384,+,11.4375,7.02E-05,0.0699,ACACGTGG,8
62,MA0566.1,MYC2,M_nitens_GLDP1pro,1027,1034,-,11.4375,7.02E-05,0.0699,CCACGTGT,8
63,MA0568.1,MYC3,M_nitens_GLDP1pro,1027,1034,-,12.875,3.03E-05,0.0301,CCACGTGT,8
64,MA0568.1,MYC3,M_nitens_GLDP1pro,720,727,-,13.3875,2.03E-05,0.0301,GCACGTGT,8
65,MA0568.1,MYC3,M_nitens_GLDP1pro,720,727,+,13.3875,2.03E-05,0.0301,acacgtgc,8
66,MA0568.1,MYC3,M_nitens_GLDP1pro,1027,1034,+,12.875,3.03E-05,0.0301,acacgtgg,8
67,MA0568.1,MYC3,At_GLDP1pro,1377,1384,+,12.875,3.03E-05,0.0301,ACACGTGG,8
68,MA0568.1,MYC3,At_GLDP1pro,1377,1384,-,12.875,3.03E-05,0.0301,CCACGTGT,8
69,MA0569.1,MYC4,M_nitens_GLDP1pro,720,727,-,13.3291,1.51E-05,0.0424,GCACGTGT,8
70,MA0569.1,MYC4,At_GLDP1pro,1377,1384,+,12.3291,4.25E-05,0.0424,ACACGTGG,8
71,MA0569.1,MYC4,M_nitens_GLDP1pro,1027,1034,-,12.3291,4.25E-05,0.0424,CCACGTGT,8
72,MA0569.1,MYC4,M_nitens_GLDP1pro,1027,1034,+,12.3291,4.25E-05,0.0424,acacgtgg,8
73,MA0569.1,MYC4,M_nitens_GLDP1pro,720,727,+,15.4937,7.57E-06,0.0424,acacgtgc,8
74,MA0569.1,MYC4,At_GLDP1pro,1377,1384,-,12.3291,4.25E-05,0.0424,CCACGTGT,8
93,MA0930.1,ABF3,M_nitens_GLDP1pro,1027,1034,-,10.6752,4.99E-05,0.0497,CCACGTGT,8
94,MA0930.1,ABF3,At_GLDP1pro,1377,1384,-,10.6752,4.99E-05,0.0497,CCACGTGT,8
95,MA0930.1,ABF3,At_GLDP1pro,1377,1384,+,10.6752,4.99E-05,0.0497,ACACGTGG,8
96,MA0930.1,ABF3,M_nitens_GLDP1pro,1027,1034,+,10.6752,4.99E-05,0.0497,acacgtgg,8
97,MA0930.1,ABF3,M_nitens_GLDP1pro,720,727,+,10.6752,4.99E-05,0.0497,acacgtgc,8
98,MA0930.1,ABF3,M_nitens_GLDP1pro,720,727,-,10.6752,4.99E-05,0.0497,GCACGTGT,8
99,MA0931.1,ABI5,At_GLDP1pro,1375,1384,+,12.8833,2.54E-05,0.0352,ATACACGTGG,8
100,MA0931.1,ABI5,M_nitens_GLDP1pro,1025,1034,+,12.8833,2.54E-05,0.0352,atacacgtgg,8
101,MA0931.1,ABI5,At_GLDP1pro,1377,1386,-,12.6667,2.95E-05,0.0352,TTCCACGTGT,8
102,MA0931.1,ABI5,M_nitens_GLDP1pro,676,685,+,11.6667,5.98E-05,0.0596,agacacgtat,8
103,MA0931.1,ABI5,M_nitens_GLDP1pro,1027,1036,-,12.6667,2.95E-05,0.0352,TTCCACGTGT,8
104,MA0931.1,ABI5,M_nitens_GLDP1pro,718,727,+,15.5333,3.81E-06,0.0228,tgacacgtgc,8
130,MA0956.1,BEE2,M_nitens_GLDP1pro,1026,1035,+,10.6393,6.37E-05,0.0634,tacacgtgga,8
131,MA0956.1,BEE2,M_nitens_GLDP1pro,1026,1035,-,10.6393,6.37E-05,0.0634,TCCACGTGTA,8
132,MA0956.1,BEE2,At_GLDP1pro,1376,1385,+,10.6393,6.37E-05,0.0634,TACACGTGGA,8
133,MA0956.1,BEE2,At_GLDP1pro,1376,1385,-,10.6393,6.37E-05,0.0634,TCCACGTGTA,8
134,MA0956.1,BEE2,M_nitens_GLDP1pro,719,728,+,12.0656,2.27E-05,0.0634,gacacgtgct,8
135,MA0956.1,BEE2,M_nitens_GLDP1pro,719,728,-,12.0656,2.27E-05,0.0634,AGCACGTGTC,8
136,MA0957.1,BHLH3,M_nitens_GLDP1pro,720,727,+,14.3814,1.26E-05,0.0375,acacgtgc,8
137,MA0957.1,BHLH3,M_nitens_GLDP1pro,720,727,-,14.3814,1.26E-05,0.0375,GCACGTGT,8
138,MA0957.1,BHLH3,M_nitens_GLDP1pro,1027,1034,-,11.6949,5.02E-05,0.0498,CCACGTGT,8
139,MA0957.1,BHLH3,M_nitens_GLDP1pro,1027,1034,+,11.6949,5.02E-05,0.0498,acacgtgg,8
140,MA0957.1,BHLH3,At_GLDP1pro,1377,1384,-,11.6949,5.02E-05,0.0498,CCACGTGT,8
141,MA0957.1,BHLH3,At_GLDP1pro,1377,1384,+,11.6949,5.02E-05,0.0498,ACACGTGG,8
142,MA0958.1,BHLH13,M_nitens_GLDP1pro,1027,1034,-,11.9419,3.25E-05,0.0486,CCACGTGT,8
143,MA0958.1,BHLH13,At_GLDP1pro,1377,1384,+,11.6628,5.26E-05,0.0524,ACACGTGG,8
144,MA0958.1,BHLH13,At_GLDP1pro,1377,1384,-,11.9419,3.25E-05,0.0486,CCACGTGT,8
145,MA0958.1,BHLH13,M_nitens_GLDP1pro,1027,1034,+,11.6628,5.26E-05,0.0524,acacgtgg,8
146,MA0958.1,BHLH13,M_nitens_GLDP1pro,720,727,+,15.093,7.57E-06,0.0453,acacgtgc,8
147,MA0958.1,BHLH13,M_nitens_GLDP1pro,720,727,-,14.2442,1.51E-05,0.0453,GCACGTGT,8
148,MA0959.1,AIB,M_nitens_GLDP1pro,720,727,+,13.1667,2.52E-05,0.0753,acacgtgc,8
149,MA0959.1,AIB,M_nitens_GLDP1pro,720,727,-,13.1667,2.52E-05,0.0753,GCACGTGT,8
150,MA0960.1,BHLH104,M_nitens_GLDP1pro,719,728,+,12.2167,7.97E-06,0.0238,gacacgtgct,8
151,MA0960.1,BHLH104,M_nitens_GLDP1pro,719,728,-,12.2167,7.97E-06,0.0238,AGCACGTGTC,8
152,MA0962.1,BHLH34,M_nitens_GLDP1pro,720,727,+,11.4167,8.16E-05,0.122,acacgtgc,8
153,MA0962.1,BHLH34,At_GLDP1pro,1377,1384,+,13.15,2.53E-05,0.0504,ACACGTGG,8
154,MA0962.1,BHLH34,M_nitens_GLDP1pro,720,727,-,14.5,8.88E-06,0.0504,GCACGTGT,8
155,MA0962.1,BHLH34,M_nitens_GLDP1pro,1027,1034,+,13.15,2.53E-05,0.0504,acacgtgg,8
156,MA0963.1,BHLH78,M_nitens_GLDP1pro,720,727,-,10.6752,8.84E-05,0.264,GCACGTGT,8
157,MA0963.1,BHLH78,M_nitens_GLDP1pro,720,727,+,10.6752,8.84E-05,0.264,acacgtgc,8
158,MA0964.1,BIM1,M_nitens_GLDP1pro,718,727,-,11.7667,2.51E-05,0.0748,GCACGTGTCA,8
159,MA0964.1,BIM1,M_nitens_GLDP1pro,720,729,+,11.8667,2.22E-05,0.0748,acacgtgctc,8
160,MA0965.1,BIM2,M_nitens_GLDP1pro,719,728,-,13.1333,1.65E-05,0.0491,AGCACGTGTC,8
161,MA0965.1,BIM2,M_nitens_GLDP1pro,719,728,+,13.1333,1.65E-05,0.0491,gacacgtgct,8
162,MA0966.1,BIM3,M_nitens_GLDP1pro,719,728,+,13.2833,1.33E-05,0.0397,gacacgtgct,8
163,MA0966.1,BIM3,M_nitens_GLDP1pro,719,728,-,13.2833,1.33E-05,0.0397,AGCACGTGTC,8
164,MA0968.1,bZIP68,M_nitens_GLDP1pro,1027,1035,+,10.75,4.16E-05,0.0559,acacgtgga,8
165,MA0968.1,bZIP68,At_GLDP1pro,1377,1385,+,10.75,4.16E-05,0.0559,ACACGTGGA,8
166,MA0968.1,bZIP68,M_nitens_GLDP1pro,719,727,-,10.9167,2.81E-05,0.0559,GCACGTGTC,8
167,MA0968.1,bZIP68,At_GLDP1pro,1376,1384,-,10.6667,4.70E-05,0.0559,CCACGTGTA,8
168,MA0968.1,bZIP68,M_nitens_GLDP1pro,1026,1034,-,10.6667,4.70E-05,0.0559,CCACGTGTA,8
218,MA1025.1,HBI1,M_nitens_GLDP1pro,717,728,+,10.65,6.51E-05,0.194,ttgacacgtgct,8
219,MA1025.1,HBI1,M_nitens_GLDP1pro,719,730,-,13.2333,1.70E-05,0.101,TGAGCACGTGTC,8
245,MA1061.1,SPT,M_nitens_GLDP1pro,719,727,+,10.7833,8.93E-05,0.133,gacacgtgc,8
246,MA1061.1,SPT,At_GLDP1pro,1377,1385,-,12.75,2.57E-05,0.0767,TCCACGTGT,8
247,MA1061.1,SPT,M_nitens_GLDP1pro,720,728,-,11.9,4.17E-05,0.0831,AGCACGTGT,8
248,MA1061.1,SPT,M_nitens_GLDP1pro,1027,1035,-,12.75,2.57E-05,0.0767,TCCACGTGT,8
255,MA1074.1,UNE10,M_nitens_GLDP1pro,1027,1034,-,13.7333,2.52E-05,0.0501,CCACGTGT,8
256,MA1074.1,UNE10,M_nitens_GLDP1pro,1027,1034,+,11.5,8.20E-05,0.0867,acacgtgg,8
257,MA1074.1,UNE10,M_nitens_GLDP1pro,720,727,+,14.4833,1.76E-05,0.0501,acacgtgc,8
258,MA1074.1,UNE10,At_GLDP1pro,1377,1384,+,11.5,8.20E-05,0.0867,ACACGTGG,8
259,MA1074.1,UNE10,M_nitens_GLDP1pro,720,727,-,10.9333,8.70E-05,0.0867,GCACGTGT,8
260,MA1074.1,UNE10,At_GLDP1pro,1377,1384,-,13.7333,2.52E-05,0.0501,CCACGTGT,8
534,MA1331.1,BEH4,At_GLDP1pro,1376,1386,+,11.75,1.53E-05,0.0457,TACACGTGGAA,8
535,MA1331.1,BEH4,M_nitens_GLDP1pro,718,728,-,3.73438,6.07E-05,0.0604,AGCACGTGTCA,8
536,MA1331.1,BEH4,M_nitens_GLDP1pro,719,729,+,7.20312,3.32E-05,0.0473,gacacgtgctc,8
537,MA1331.1,BEH4,M_nitens_GLDP1pro,1025,1035,-,6,3.96E-05,0.0473,TCCACGTGTAT,8
538,MA1331.1,BEH4,M_nitens_GLDP1pro,1026,1036,+,11.75,1.53E-05,0.0457,tacacgtggaa,8
539,MA1331.1,BEH4,At_GLDP1pro,1375,1385,-,6,3.96E-05,0.0473,TCCACGTGTAT,8
540,MA1332.1,BEH2,M_nitens_GLDP1pro,1026,1036,-,12.0781,1.39E-05,0.0416,TTCCACGTGTA,8
541,MA1332.1,BEH2,M_nitens_GLDP1pro,718,728,+,3.5,5.50E-05,0.0657,tgacacgtgct,8
542,MA1332.1,BEH2,M_nitens_GLDP1pro,1025,1035,+,5.5625,3.31E-05,0.0494,atacacgtgga,8
543,MA1332.1,BEH2,At_GLDP1pro,1375,1385,+,5.5625,3.31E-05,0.0494,ATACACGTGGA,8
544,MA1332.1,BEH2,At_GLDP1pro,1376,1386,-,12.0781,1.39E-05,0.0416,TTCCACGTGTA,8
545,MA1333.1,BEH3,M_nitens_GLDP1pro,718,728,-,11.1875,2.58E-05,0.035,AGCACGTGTCA,8
546,MA1333.1,BEH3,At_GLDP1pro,1376,1386,+,11.375,2.49E-05,0.035,TACACGTGGAA,8
547,MA1333.1,BEH3,M_nitens_GLDP1pro,1025,1035,-,9.89062,3.35E-05,0.035,TCCACGTGTAT,8
548,MA1333.1,BEH3,At_GLDP1pro,1375,1385,-,9.89062,3.35E-05,0.035,TCCACGTGTAT,8
549,MA1333.1,BEH3,M_nitens_GLDP1pro,719,729,+,9.625,3.52E-05,0.035,gacacgtgctc,8
550,MA1333.1,BEH3,M_nitens_GLDP1pro,1026,1036,+,11.375,2.49E-05,0.035,tacacgtggaa,8
551,MA1333.1,BEH3,M_nitens_GLDP1pro,676,686,-,5.125,8.09E-05,0.069,CATACGTGTCT,8
81,MA0574.1,MYB15,At_GLDP1pro,1517,1529,+,2.68354,8.04E-05,0.24,CAACGGTCCGTGA,18
82,MA0574.1,MYB15,At_GLDP1pro,1398,1410,-,3.48101,6.38E-05,0.24,ATGTGGTTGGTGA,18
84,MA0576.1,RAX3,M_nitens_GLDP1pro,1065,1077,-,2.97468,4.64E-05,0.146,TGGGGTTGGGTTG,18
85,MA0576.1,RAX3,At_GLDP1pro,1398,1410,-,2.72152,4.95E-05,0.146,ATGTGGTTGGTGA,18
223,MA1036.1,MYB111,M_nitens_GLDP1pro,1062,1069,-,11.6809,5.86E-05,0.117,GGTTGGTG,18
224,MA1036.1,MYB111,M_nitens_GLDP1pro,1249,1256,-,11.6809,5.86E-05,0.117,GGTTGGTG,18
225,MA1036.1,MYB111,At_GLDP1pro,1399,1406,-,11.6809,5.86E-05,0.117,GGTTGGTG,18
226,MA1038.1,MYB3,M_nitens_GLDP1pro,1060,1070,-,11.1833,6.78E-05,0.405,GGGTTGGTGAA,18
227,MA1039.1,MYB4,M_nitens_GLDP1pro,1249,1256,-,13.9833,1.00E-05,0.02,GGTTGGTG,18
228,MA1039.1,MYB4,At_GLDP1pro,1399,1406,-,13.9833,1.00E-05,0.02,GGTTGGTG,18
229,MA1039.1,MYB4,M_nitens_GLDP1pro,1062,1069,-,13.9833,1.00E-05,0.02,GGTTGGTG,18
230,MA1040.1,MYB46,M_nitens_GLDP1pro,1249,1256,-,11.4043,4.88E-05,0.0973,GGTTGGTG,18
231,MA1040.1,MYB46,At_GLDP1pro,1399,1406,-,11.4043,4.88E-05,0.0973,GGTTGGTG,18
232,MA1040.1,MYB46,M_nitens_GLDP1pro,1062,1069,-,11.4043,4.88E-05,0.0973,GGTTGGTG,18
233,MA1041.1,MYB55,M_nitens_GLDP1pro,1063,1070,+,10.5745,9.41E-05,0.188,accaaccc,18
234,MA1041.1,MYB55,M_nitens_GLDP1pro,1250,1257,+,10.734,8.41E-05,0.188,accaacca,18
235,MA1041.1,MYB55,At_GLDP1pro,1400,1407,+,10.734,8.41E-05,0.188,ACCAACCA,18
520,MA1292.1,MYB27,At_GLDP1pro,813,827,-,12.5312,2.13E-05,0.127,GATAAATTAGGTGGC,18
521,MA1293.1,MYB57,At_GLDP1pro,813,826,+,9.8125,6.08E-05,0.362,GCCACCTAATTTAT,18
522,MA1294.1,MYB62,At_GLDP1pro,814,828,-,11.7656,5.90E-05,0.179,TGATAAATTAGGTGG,18
523,MA1294.1,MYB62,At_GLDP1pro,265,279,+,11.7344,6.04E-05,0.179,AATAAATTTAGGCAT,18
721,UN0358.1,ATMYB13,M_nitens_GLDP1pro,1068,1083,+,9.8547,9.34E-05,0.11,cccaaccccaacccca,18
722,UN0358.1,ATMYB13,M_nitens_GLDP1pro,1074,1089,+,9.8547,9.34E-05,0.11,cccaaccccaacccca,18
723,UN0358.1,ATMYB13,M_nitens_GLDP1pro,1057,1072,+,16.1709,1.67E-06,0.00326,cttttcaccaacccaa,18
724,UN0358.1,ATMYB13,M_nitens_GLDP1pro,1244,1259,+,17.8034,4.13E-07,0.00121,ctcttcaccaaccaat,18
725,UN0358.1,ATMYB13,At_GLDP1pro,1394,1409,+,17.9915,3.40E-07,0.00121,CTTTTCACCAACCACA,18
733,UN0366.1,MYB107,M_nitens_GLDP1pro,1060,1072,+,15.2316,4.03E-06,0.0118,ttcaccaacccaa,18
734,UN0366.1,MYB107,M_nitens_GLDP1pro,1247,1259,+,14.5158,7.07E-06,0.0138,ttcaccaaccaat,18
735,UN0366.1,MYB107,At_GLDP1pro,1397,1409,+,15.8,2.29E-06,0.0118,TTCACCAACCACA,18
736,UN0367.1,MYB58,At_GLDP1pro,1023,1039,-,10.0855,8.02E-05,0.0672,TTATGCACCAAATCCTT,18
737,UN0367.1,MYB58,M_nitens_GLDP1pro,1074,1090,+,12.1795,2.43E-05,0.027,cccaaccccaaccccaa,18
738,UN0367.1,MYB58,M_nitens_GLDP1pro,1080,1096,+,11.9658,2.76E-05,0.027,cccaaccccaaccccta,18
739,UN0367.1,MYB58,M_nitens_GLDP1pro,1057,1073,+,17.8205,3.98E-07,0.00163,cttttcaccaacccaac,18
740,UN0367.1,MYB58,M_nitens_GLDP1pro,1244,1260,+,16.7094,1.04E-06,0.00202,ctcttcaccaaccaatg,18
741,UN0367.1,MYB58,M_nitens_GLDP1pro,1068,1084,+,12.1795,2.43E-05,0.027,cccaaccccaaccccaa,18
742,UN0367.1,MYB58,At_GLDP1pro,1394,1410,+,17.4444,5.55E-07,0.00163,CTTTTCACCAACCACAT,18
743,UN0368.1,MYB99,At_GLDP1pro,813,822,+,13.35,2.33E-05,0.0906,GCCACCTAAT,18
744,UN0368.1,MYB99,M_nitens_GLDP1pro,958,967,+,12.9833,3.04E-05,0.0906,tccacctaaa,18