id,motif_alt_id,sequence_name,start,stop,strand,score,p_value,q-value,matched_sequence
MA1257.1,ERF9,M_nitens_GLDP1pro,617,637,+,19.7656,1.04E-07,0.000609,cggaggagcctgcggtggaag
MA1281.1,AT5G02460,At_GLDP1pro,281,301,-,17.4062,2.19E-07,0.00126,CCAAAAGAAAAAAGAAAAAGG
UN0352.1,ASIL2,M_nitens_GLDP1pro,640,652,+,19.0167,2.46E-07,0.00146,ccctccggcgacc
MA1262.1,ERF2,M_nitens_GLDP1pro,500,520,-,18.7344,2.47E-07,0.00146,CCTTCCCCGTAGCCACCGTTG
UN0356.1,AT5G05550,M_nitens_GLDP1pro,640,652,+,18.9643,2.50E-07,0.00149,ccctccggcgacc
UN0358.1,ATMYB13,At_GLDP1pro,1394,1409,+,17.9915,3.40E-07,0.00121,CTTTTCACCAACCACA
UN0367.1,MYB58,M_nitens_GLDP1pro,1057,1073,+,17.8205,3.98E-07,0.00163,cttttcaccaacccaac
UN0358.1,ATMYB13,M_nitens_GLDP1pro,1244,1259,+,17.8034,4.13E-07,0.00121,ctcttcaccaaccaat
MA1236.1,ESE3,M_nitens_GLDP1pro,620,638,+,17.5625,5.42E-07,0.00318,aggagcctgcggtggaaga
UN0367.1,MYB58,At_GLDP1pro,1394,1410,+,17.4444,5.55E-07,0.00163,CTTTTCACCAACCACAT
MA1277.1,Adof1,At_GLDP1pro,170,190,-,15.6562,5.86E-07,0.0025,AGAAACAAAAAGCAATAAGAA
MA1233.1,ERF021,M_nitens_GLDP1pro,617,636,-,16.9531,7.23E-07,0.00185,TTCCACCGCAGGCTCCTCCG
MA1233.1,ERF021,M_nitens_GLDP1pro,503,522,-,16.9219,7.39E-07,0.00185,CTCCTTCCCCGTAGCCACCG
MA1277.1,Adof1,At_GLDP1pro,279,299,-,15.3906,8.63E-07,0.0025,AAAAGAAAAAAGAAAAAGGCA
MA1278.1,OBP1,At_GLDP1pro,280,300,+,15.3125,8.95E-07,0.00516,GCCTTTTTCTTTTTTCTTTTG
MA1267.1,AT5G66940,At_GLDP1pro,163,191,+,16.2812,8.97E-07,0.00513,AAGTTGTTTCTTATTGCTTTTTGTTTCTT
MA1246.1,LEP,M_nitens_GLDP1pro,618,638,-,16.5312,9.04E-07,0.00532,TCTTCCACCGCAGGCTCCTCC
MA1233.1,ERF021,M_nitens_GLDP1pro,614,633,-,16.5469,9.45E-07,0.00185,CACCGCAGGCTCCTCCGCAT
MA1361.1,bHLH18,M_nitens_GLDP1pro,1019,1035,+,17.0959,9.49E-07,0.00282,gatgcgatacacgtgga
MA1361.1,bHLH18,At_GLDP1pro,1369,1385,+,17.0959,9.49E-07,0.00282,GATGCGATACACGTGGA
MA1403.1,BPC5,At_GLDP1pro,1624,1653,-,-24.6962,1.03E-06,0.00586,AGAGAGTAAGAGAGATGTTTTGAGAAAGAT
UN0367.1,MYB58,M_nitens_GLDP1pro,1244,1260,+,16.7094,1.04E-06,0.00202,ctcttcaccaaccaatg
MA1281.1,AT5G02460,M_nitens_GLDP1pro,857,877,+,15.9844,1.20E-06,0.00346,gaaaaggttacaaaaaaaaaa
MA1272.1,AT2G28810,At_GLDP1pro,281,301,+,15.5469,1.21E-06,0.00696,CCTTTTTCTTTTTTCTTTTGG
MA1257.1,ERF9,M_nitens_GLDP1pro,614,634,+,15.6562,1.22E-06,0.00357,atgcggaggagcctgcggtgg
MA0945.1,ARR1,M_nitens_GLDP1pro,61,70,+,11.55,1.25E-06,0.00746,agcggatctc
MA1250.1,AT1G75490,M_nitens_GLDP1pro,500,514,-,16.2969,1.55E-06,0.00918,CCGTAGCCACCGTTG
MA1256.1,RAP212,M_nitens_GLDP1pro,617,637,+,15.8125,1.56E-06,0.0092,cggaggagcctgcggtggaag
UN0080.1,PHL3,M_nitens_GLDP1pro,83,92,-,11.7667,1.66E-06,0.00966,AAGATTCGCC
UN0358.1,ATMYB13,M_nitens_GLDP1pro,1057,1072,+,16.1709,1.67E-06,0.00326,cttttcaccaacccaa
MA1274.1,OBP3,At_GLDP1pro,278,298,+,15.5781,1.76E-06,0.00996,ATGCCTTTTTCTTTTTTCTTT
MA1240.1,ERF10,M_nitens_GLDP1pro,612,632,-,15.25,2.00E-06,0.00919,ACCGCAGGCTCCTCCGCATTC
MA0949.1,ARR2,M_nitens_GLDP1pro,84,93,+,14.35,2.17E-06,0.0129,gcgaatcttt
UN0366.1,MYB107,At_GLDP1pro,1397,1409,+,15.8,2.29E-06,0.0118,TTCACCAACCACA
MA1363.1,bHLH69,M_nitens_GLDP1pro,1019,1033,+,15.4186,2.35E-06,0.00697,gatgcgatacacgtg
MA1363.1,bHLH69,At_GLDP1pro,1369,1383,+,15.4186,2.35E-06,0.00697,GATGCGATACACGTG
MA1231.1,ERF15,M_nitens_GLDP1pro,502,516,-,15.2031,2.37E-06,0.0141,CCCCGTAGCCACCGT
MA1239.1,ERF104,M_nitens_GLDP1pro,501,519,-,14.7188,2.38E-06,0.0127,CTTCCCCGTAGCCACCGTT
MA1226.1,AT5G18450,M_nitens_GLDP1pro,621,635,+,15.4375,2.52E-06,0.0149,ggagcctgcggtgga
MA1267.1,AT5G66940,At_GLDP1pro,279,307,+,15.1719,2.68E-06,0.00765,TGCCTTTTTCTTTTTTCTTTTGGACAGAA
MA1403.1,BPC5,At_GLDP1pro,1626,1655,-,-29.7215,2.81E-06,0.008,GAAGAGAGTAAGAGAGATGTTTTGAGAAAG
MA0941.1,ABF2,M_nitens_GLDP1pro,716,728,+,14.6167,3.04E-06,0.0181,cttgacacgtgct
MA1240.1,ERF10,M_nitens_GLDP1pro,501,521,-,14.4062,3.12E-06,0.00919,TCCTTCCCCGTAGCCACCGTT
MA1232.1,AT4G28140,M_nitens_GLDP1pro,501,520,+,15.3281,3.15E-06,0.0186,aacggtggctacggggaagg
MA1262.1,ERF2,M_nitens_GLDP1pro,614,634,-,14.1719,3.24E-06,0.00955,CCACCGCAGGCTCCTCCGCAT
MA1225.1,ERF5,M_nitens_GLDP1pro,500,514,-,14.2656,3.34E-06,0.0198,CCGTAGCCACCGTTG
MA1364.1,PIF7,At_GLDP1pro,1377,1391,-,15.3288,3.38E-06,0.0151,GCAGATTCCACGTGT
MA0549.1,BZR2,M_nitens_GLDP1pro,718,728,-,15.7722,3.67E-06,0.0219,AGCACGTGTCA
MA0931.1,ABI5,M_nitens_GLDP1pro,718,727,+,15.5333,3.81E-06,0.0228,tgacacgtgc
MA0578.1,SPL8,At_GLDP1pro,1047,1062,+,13.5698,3.95E-06,0.0228,TTTTTCGTACTTTTTT
MA0552.1,PIF1,M_nitens_GLDP1pro,1021,1034,+,15.4658,3.99E-06,0.00809,tgcgatacacgtgg
MA0552.1,PIF1,At_GLDP1pro,1371,1384,+,15.4658,3.99E-06,0.00809,TGCGATACACGTGG
UN0366.1,MYB107,M_nitens_GLDP1pro,1060,1072,+,15.2316,4.03E-06,0.0118,ttcaccaacccaa
MA1404.1,BPC1,At_GLDP1pro,1637,1660,-,7.32812,4.04E-06,0.0228,AAAACGAAGAGAGTAAGAGAGATG
MA0552.1,PIF1,M_nitens_GLDP1pro,714,727,+,15.4384,4.08E-06,0.00809,agcttgacacgtgc
MA0945.1,ARR1,M_nitens_GLDP1pro,83,92,+,11.4333,4.13E-06,0.0123,ggcgaatctt
MA1250.1,AT1G75490,M_nitens_GLDP1pro,626,640,-,14.5938,4.20E-06,0.0124,GCTCTTCCACCGCAG
MA1268.1,AT1G69570,At_GLDP1pro,276,302,+,14.7656,4.31E-06,0.0245,GCATGCCTTTTTCTTTTTTCTTTTGGA
MA1239.1,ERF104,M_nitens_GLDP1pro,615,633,-,13.5156,4.31E-06,0.0127,CACCGCAGGCTCCTCCGCA
MA1329.2,ZHD1,M_nitens_GLDP1pro,892,904,+,13.8333,4.49E-06,0.0267,taactaattaaga
UN0353.1,AT3G11100,M_nitens_GLDP1pro,642,653,+,15.1154,4.53E-06,0.027,ctccggcgaccc
MA1264.1,ESE1,M_nitens_GLDP1pro,500,514,+,13.5,4.57E-06,0.027,caacggtggctacgg
MA0121.1,ARR10,M_nitens_GLDP1pro,62,69,-,13.0532,5.01E-06,0.03,AGATCCGC
MA1363.1,bHLH69,M_nitens_GLDP1pro,712,726,+,13.814,5.07E-06,0.01,gaagcttgacacgtg
MA1364.1,PIF7,M_nitens_GLDP1pro,1027,1041,-,14.6027,5.07E-06,0.0151,GCAAATTCCACGTGT
UN0363.1,ERF003,M_nitens_GLDP1pro,627,639,-,14.1266,5.09E-06,0.0168,CTCTTCCACCGCA
MA0570.2,ABF1,M_nitens_GLDP1pro,716,727,-,14.8511,5.19E-06,0.0157,GCACGTGTCAAG
MA1248.1,DREB26,M_nitens_GLDP1pro,501,520,-,14.2188,5.60E-06,0.0329,CCTTCCCCGTAGCCACCGTT
MA1372.1,STZ,M_nitens_GLDP1pro,1212,1222,+,13.1846,5.69E-06,0.034,cacagtcactc
MA1228.1,AT4G18450,M_nitens_GLDP1pro,502,518,+,12.3594,5.76E-06,0.0341,acggtggctacggggaa
MA1242.1,AT3G57600,M_nitens_GLDP1pro,627,637,-,13.7031,5.83E-06,0.0347,CTTCCACCGCA
MA1402.1,BPC6,At_GLDP1pro,1640,1660,+,5.91781,5.90E-06,0.0337,CTCTCTTACTCTCTTCGTTTT
MA1207.1,GT-A3,M_nitens_GLDP1pro,719,735,+,14.8824,6.17E-06,0.0367,gacacgtgctcaatgta
MA1677.1,NAC078,At_GLDP1pro,547,558,+,13.9315,6.36E-06,0.0281,CTCAAGAAACGC
MA1267.1,AT5G66940,M_nitens_GLDP1pro,851,879,-,14.1562,6.60E-06,0.0126,TTTTTTTTTTTTGTAACCTTTTCATTTCC
MA0981.1,DOF1.8,At_GLDP1pro,507,516,-,8.725,6.71E-06,0.0401,CGAAAAGGCG
MA1359.1,bHLH31,At_GLDP1pro,1370,1390,-,14.7031,6.73E-06,0.0239,CAGATTCCACGTGTATCGCAT
MA1226.1,AT5G18450,M_nitens_GLDP1pro,495,509,+,13.625,6.79E-06,0.02,ggtaacaacggtggc
MA0570.2,ABF1,At_GLDP1pro,1377,1388,+,14.4149,6.96E-06,0.0157,ACACGTGGAATC
UN0366.1,MYB107,M_nitens_GLDP1pro,1247,1259,+,14.5158,7.07E-06,0.0138,ttcaccaaccaat
MA1225.1,ERF5,M_nitens_GLDP1pro,620,634,-,12.7812,7.22E-06,0.0214,CCACCGCAGGCTCCT
UN0363.1,ERF003,M_nitens_GLDP1pro,615,627,-,13.4051,7.30E-06,0.0168,AGGCTCCTCCGCA
MA0569.1,MYC4,M_nitens_GLDP1pro,720,727,+,15.4937,7.57E-06,0.0424,acacgtgc
MA0958.1,BHLH13,M_nitens_GLDP1pro,720,727,+,15.093,7.57E-06,0.0453,acacgtgc
MA1240.1,ERF10,M_nitens_GLDP1pro,624,644,-,12.5938,7.59E-06,0.0149,GAGGGCTCTTCCACCGCAGGC
MA1221.1,RAP26,M_nitens_GLDP1pro,626,640,+,12.875,7.83E-06,0.0289,ctgcggtggaagagc
MA0570.2,ABF1,M_nitens_GLDP1pro,1027,1038,+,14.1489,7.91E-06,0.0157,acacgtggaatt
MA0960.1,BHLH104,M_nitens_GLDP1pro,719,728,+,12.2167,7.97E-06,0.0238,gacacgtgct
MA0960.1,BHLH104,M_nitens_GLDP1pro,719,728,-,12.2167,7.97E-06,0.0238,AGCACGTGTC
MA1359.1,bHLH31,M_nitens_GLDP1pro,713,733,-,14.4375,8.09E-06,0.0239,CATTGAGCACGTGTCAAGCTT
MA1244.1,ABR1,M_nitens_GLDP1pro,618,636,+,12.9375,8.27E-06,0.0419,ggaggagcctgcggtggaa
MA1272.1,AT2G28810,At_GLDP1pro,165,185,+,13.75,8.52E-06,0.0246,GTTGTTTCTTATTGCTTTTTG
UN0363.1,ERF003,M_nitens_GLDP1pro,639,651,+,13.0759,8.54E-06,0.0168,gccctccggcgac
MA0962.1,BHLH34,M_nitens_GLDP1pro,720,727,-,14.5,8.88E-06,0.0504,GCACGTGT
MA1245.1,AT2G33710,M_nitens_GLDP1pro,500,514,-,12.4219,8.92E-06,0.0331,CCGTAGCCACCGTTG
UN0376.1,NAC053,At_GLDP1pro,547,558,+,13.6164,9.09E-06,0.0348,CTCAAGAAACGC
MA1236.1,ESE3,M_nitens_GLDP1pro,608,626,+,12.4375,9.39E-06,0.0276,aaacgaatgcggaggagcc
MA1677.1,NAC078,At_GLDP1pro,183,194,-,13.6986,9.46E-06,0.0281,TCCAAGAAACAA
MA1360.1,bHLH74,At_GLDP1pro,1369,1389,+,13.6986,9.49E-06,0.0516,GATGCGATACACGTGGAATCT
MA1388.1,AT3G24120,At_GLDP1pro,1383,1390,+,12.3125,9.80E-06,0.0292,GGAATCTG
MA1388.1,AT3G24120,At_GLDP1pro,1554,1561,-,12.3125,9.80E-06,0.0292,GGAATCTG
MA0983.1,DOF5.6,M_nitens_GLDP1pro,408,415,+,8.27083,9.80E-06,0.0582,ggaaaagc
MA1361.1,bHLH18,M_nitens_GLDP1pro,719,735,-,13.0822,9.96E-06,0.0197,TACATTGAGCACGTGTC
MA1039.1,MYB4,M_nitens_GLDP1pro,1062,1069,-,13.9833,1.00E-05,0.02,GGTTGGTG
MA1039.1,MYB4,M_nitens_GLDP1pro,1249,1256,-,13.9833,1.00E-05,0.02,GGTTGGTG
MA1039.1,MYB4,At_GLDP1pro,1399,1406,-,13.9833,1.00E-05,0.02,GGTTGGTG
MA1048.1,ERF018,M_nitens_GLDP1pro,8,15,+,14.4535,1.01E-05,0.0606,gccgtcca
MA1252.1,PUCHI,M_nitens_GLDP1pro,500,514,-,12.2188,1.08E-05,0.0638,CCGTAGCCACCGTTG
MA1257.1,ERF9,At_GLDP1pro,37,57,+,11.3906,1.09E-05,0.0143,TTGCAGCATTGGTGGCTGAAG
MA0557.1,FHY3,M_nitens_GLDP1pro,719,730,+,13.2941,1.10E-05,0.0653,gacacgtgctca
MA1660.1,ANAC13,At_GLDP1pro,123,146,-,12.3167,1.10E-05,0.065,ACTCATCTTCTTGCTCAAGAAATC
MA1257.1,ERF9,M_nitens_GLDP1pro,605,625,+,11.3281,1.12E-05,0.0143,ttgaaacgaatgcggaggagc
MA0941.1,ABF2,M_nitens_GLDP1pro,1023,1035,+,13.4333,1.16E-05,0.023,cgatacacgtgga
MA0941.1,ABF2,At_GLDP1pro,1373,1385,+,13.4333,1.16E-05,0.023,CGATACACGTGGA
UN0080.1,PHL3,At_GLDP1pro,1554,1563,+,11.0667,1.18E-05,0.0344,CAGATTCCCT
MA1239.1,ERF104,M_nitens_GLDP1pro,612,630,-,11.25,1.20E-05,0.0236,CGCAGGCTCCTCCGCATTC
MA1245.1,AT2G33710,M_nitens_GLDP1pro,626,640,-,11.7656,1.20E-05,0.0331,GCTCTTCCACCGCAG
MA1221.1,RAP26,M_nitens_GLDP1pro,500,514,+,11.9688,1.20E-05,0.0289,caacggtggctacgg
UN0346.1,ANAC057,At_GLDP1pro,547,557,+,13.3393,1.21E-05,0.0402,CTCAAGAAACG
MA1257.1,ERF9,M_nitens_GLDP1pro,494,514,+,11.1562,1.21E-05,0.0143,tggtaacaacggtggctacgg
MA1262.1,ERF2,At_GLDP1pro,43,63,-,11.2812,1.24E-05,0.0245,GCACTCCTTCAGCCACCAATG
MA1164.1,HHO5,M_nitens_GLDP1pro,85,95,-,13.75,1.25E-05,0.0746,CAAAAGATTCG
MA0566.1,MYC2,M_nitens_GLDP1pro,720,727,+,14.025,1.26E-05,0.0376,acacgtgc
MA0566.1,MYC2,M_nitens_GLDP1pro,720,727,-,14.025,1.26E-05,0.0376,GCACGTGT
MA0957.1,BHLH3,M_nitens_GLDP1pro,720,727,+,14.3814,1.26E-05,0.0375,acacgtgc
MA0957.1,BHLH3,M_nitens_GLDP1pro,720,727,-,14.3814,1.26E-05,0.0375,GCACGTGT
MA1000.2,ERF105,M_nitens_GLDP1pro,499,513,+,10.7344,1.31E-05,0.0655,acaacggtggctacg
MA0966.1,BIM3,M_nitens_GLDP1pro,719,728,+,13.2833,1.33E-05,0.0397,gacacgtgct
MA0966.1,BIM3,M_nitens_GLDP1pro,719,728,-,13.2833,1.33E-05,0.0397,AGCACGTGTC
MA1225.1,ERF5,M_nitens_GLDP1pro,617,631,-,11.5156,1.34E-05,0.0244,CCGCAGGCTCCTCCG
MA1673.1,LBD18,M_nitens_GLDP1pro,639,650,-,13.1353,1.38E-05,0.0821,TCGCCGGAGGGC
MA0550.1,BZR1,M_nitens_GLDP1pro,1024,1037,-,13.7534,1.39E-05,0.0309,ATTCCACGTGTATC
MA0550.1,BZR1,At_GLDP1pro,1374,1387,-,13.7534,1.39E-05,0.0309,ATTCCACGTGTATC
MA1246.1,LEP,M_nitens_GLDP1pro,606,626,-,11.1406,1.39E-05,0.0409,GGCTCCTCCGCATTCGTTTCA
MA1332.1,BEH2,M_nitens_GLDP1pro,1026,1036,-,12.0781,1.39E-05,0.0416,TTCCACGTGTA
MA1332.1,BEH2,At_GLDP1pro,1376,1386,-,12.0781,1.39E-05,0.0416,TTCCACGTGTA
MA1244.1,ABR1,M_nitens_GLDP1pro,615,633,+,11.8281,1.42E-05,0.0419,tgcggaggagcctgcggtg
MA1247.1,ERF087,M_nitens_GLDP1pro,500,514,+,11.3281,1.44E-05,0.0782,caacggtggctacgg
MA1403.1,BPC5,At_GLDP1pro,1622,1651,-,-38.4684,1.45E-05,0.0275,AGAGTAAGAGAGATGTTTTGAGAAAGATGG
MA1281.1,AT5G02460,At_GLDP1pro,165,185,-,13.2656,1.46E-05,0.0281,CAAAAAGCAATAAGAAACAAC
MA1221.1,RAP26,M_nitens_GLDP1pro,614,628,+,11.5469,1.46E-05,0.0289,atgcggaggagcctg
MA1233.1,ERF021,M_nitens_GLDP1pro,611,630,-,11.9844,1.49E-05,0.0205,CGCAGGCTCCTCCGCATTCG
MA0569.1,MYC4,M_nitens_GLDP1pro,720,727,-,13.3291,1.51E-05,0.0424,GCACGTGT
MA0958.1,BHLH13,M_nitens_GLDP1pro,720,727,-,14.2442,1.51E-05,0.0453,GCACGTGT
MA0561.1,PIF4,M_nitens_GLDP1pro,1028,1035,+,14.0882,1.53E-05,0.0404,cacgtgga
MA0561.1,PIF4,At_GLDP1pro,1378,1385,+,14.0882,1.53E-05,0.0404,CACGTGGA
MA1331.1,BEH4,M_nitens_GLDP1pro,1026,1036,+,11.75,1.53E-05,0.0457,tacacgtggaa
MA1331.1,BEH4,At_GLDP1pro,1376,1386,+,11.75,1.53E-05,0.0457,TACACGTGGAA
MA0551.1,HY5,At_GLDP1pro,1373,1388,+,11.5,1.54E-05,0.0263,CGATACACGTGGAATC
MA0551.1,HY5,At_GLDP1pro,1373,1388,-,11.5,1.54E-05,0.0263,GATTCCACGTGTATCG
MA1267.1,AT5G66940,At_GLDP1pro,272,300,+,13.0781,1.57E-05,0.0224,TTAGGCATGCCTTTTTCTTTTTTCTTTTG
MA1210.1,HAT22,At_GLDP1pro,1337,1346,-,13.0946,1.57E-05,0.0936,GCTAATCATT
MA1017.1,GATA8,M_nitens_GLDP1pro,62,70,-,11.0833,1.60E-05,0.0954,GAGATCCGC
MA1345.1,bZIP48,M_nitens_GLDP1pro,677,690,+,9.8125,1.61E-05,0.0955,gacacgtatgcaat
UN0376.1,NAC053,At_GLDP1pro,183,194,-,13.2603,1.62E-05,0.0348,TCCAAGAAACAA
MA0965.1,BIM2,M_nitens_GLDP1pro,719,728,+,13.1333,1.65E-05,0.0491,gacacgtgct
MA0965.1,BIM2,M_nitens_GLDP1pro,719,728,-,13.1333,1.65E-05,0.0491,AGCACGTGTC
MA1273.1,dof4.2,At_GLDP1pro,280,298,-,13.25,1.67E-05,0.0741,AAAGAAAAAAGAAAAAGGC
MA1245.1,AT2G33710,M_nitens_GLDP1pro,614,628,-,11.0156,1.67E-05,0.0331,CAGGCTCCTCCGCAT
MA1262.1,ERF2,M_nitens_GLDP1pro,626,646,-,10.5469,1.70E-05,0.0251,CGGAGGGCTCTTCCACCGCAG
MA1025.1,HBI1,M_nitens_GLDP1pro,719,730,-,13.2333,1.70E-05,0.101,TGAGCACGTGTC
MA1232.1,AT4G28140,M_nitens_GLDP1pro,627,646,+,12.2969,1.72E-05,0.051,tgcggtggaagagccctccg
MA1402.1,BPC6,At_GLDP1pro,1636,1656,+,2.57534,1.74E-05,0.0496,ACATCTCTCTTACTCTCTTCG
MA1360.1,bHLH74,M_nitens_GLDP1pro,712,732,+,12.4658,1.74E-05,0.0516,gaagcttgacacgtgctcaat
MA1672.1,GBF2,M_nitens_GLDP1pro,716,728,-,12.8045,1.74E-05,0.0433,AGCACGTGTCAAG
MA1236.1,ESE3,M_nitens_GLDP1pro,494,512,+,11.125,1.75E-05,0.0343,tggtaacaacggtggctac
MA1233.1,ERF021,M_nitens_GLDP1pro,620,639,-,11.6875,1.75E-05,0.0205,CTCTTCCACCGCAGGCTCCT
MA1668.1,DPBF3,M_nitens_GLDP1pro,715,731,+,12.1071,1.75E-05,0.0968,gcttgacacgtgctcaa
MA0549.1,BZR2,M_nitens_GLDP1pro,1026,1036,+,13.2025,1.75E-05,0.0349,tacacgtggaa
MA0549.1,BZR2,At_GLDP1pro,1376,1386,+,13.2025,1.75E-05,0.0349,TACACGTGGAA
MA1672.1,GBF2,At_GLDP1pro,1376,1388,+,12.797,1.76E-05,0.0433,TACACGTGGAATC
MA1074.1,UNE10,M_nitens_GLDP1pro,720,727,+,14.4833,1.76E-05,0.0501,acacgtgc
MA0560.1,PIF3,M_nitens_GLDP1pro,1027,1036,-,13.5312,1.76E-05,0.0525,TTCCACGTGT
MA0560.1,PIF3,At_GLDP1pro,1377,1386,-,13.5312,1.76E-05,0.0525,TTCCACGTGT
MA0551.1,HY5,M_nitens_GLDP1pro,1023,1038,+,11.1324,1.77E-05,0.0263,cgatacacgtggaatt
MA0551.1,HY5,M_nitens_GLDP1pro,1023,1038,-,11.1324,1.77E-05,0.0263,AATTCCACGTGTATCG
MA1413.1,UIF1,M_nitens_GLDP1pro,84,93,-,11.5823,1.83E-05,0.109,AAAGATTCGC
MA0550.2,BZR1,M_nitens_GLDP1pro,668,687,-,11.1875,1.89E-05,0.0338,GCATACGTGTCTTTCATGCG
MA1005.2,ERF3,At_GLDP1pro,810,820,+,11.7143,1.89E-05,0.112,TCCGCCACCTA
MA1389.1,PHL1,At_GLDP1pro,515,529,+,13.1875,1.89E-05,0.113,CGAGCATATTCTAAT
MA1677.1,NAC078,At_GLDP1pro,1481,1492,-,13,1.94E-05,0.0385,CCCAAGAAATAG
UN0376.1,NAC053,At_GLDP1pro,1481,1492,-,13.137,1.95E-05,0.0348,CCCAAGAAATAG
MA0121.1,ARR10,M_nitens_GLDP1pro,84,91,-,11.8298,1.98E-05,0.0593,AGATTCGC
MA1009.1,ARF3,At_GLDP1pro,1306,1313,+,14.2558,1.98E-05,0.117,TGTCGGAG
MA1371.1,IDD4,At_GLDP1pro,880,896,-,11.75,2.01E-05,0.107,AAGATAACAACAAATAA
UN0346.1,ANAC057,At_GLDP1pro,123,133,-,13,2.02E-05,0.0402,CTCAAGAAATC
UN0346.1,ANAC057,At_GLDP1pro,184,194,-,13,2.02E-05,0.0402,TCCAAGAAACA
MA1362.1,bHLH77,M_nitens_GLDP1pro,719,733,-,12.8101,2.02E-05,0.0756,CATTGAGCACGTGTC
MA0561.1,PIF4,M_nitens_GLDP1pro,719,726,-,14,2.03E-05,0.0404,CACGTGTC
MA0568.1,MYC3,M_nitens_GLDP1pro,720,727,+,13.3875,2.03E-05,0.0301,acacgtgc
MA0568.1,MYC3,M_nitens_GLDP1pro,720,727,-,13.3875,2.03E-05,0.0301,GCACGTGT
MA0550.2,BZR1,M_nitens_GLDP1pro,1017,1036,-,11,2.03E-05,0.0338,TTCCACGTGTATCGCATCTG
MA1222.1,AT1G44830,M_nitens_GLDP1pro,500,514,-,10.7969,2.03E-05,0.12,CCGTAGCCACCGTTG
MA1425.1,HYH,M_nitens_GLDP1pro,718,729,-,13,2.03E-05,0.119,GAGCACGTGTCA
MA1255.1,AT1G22810,M_nitens_GLDP1pro,1060,1074,-,11.5312,2.07E-05,0.104,GGTTGGGTTGGTGAA
MA0550.1,BZR1,M_nitens_GLDP1pro,1024,1037,+,12.9178,2.08E-05,0.0309,gatacacgtggaat
MA0550.1,BZR1,At_GLDP1pro,1374,1387,+,12.9178,2.08E-05,0.0309,GATACACGTGGAAT
MA1225.1,ERF5,M_nitens_GLDP1pro,626,640,-,10.5781,2.08E-05,0.0244,GCTCTTCCACCGCAG
MA1239.1,ERF104,At_GLDP1pro,44,62,-,9.89062,2.10E-05,0.0281,CACTCCTTCAGCCACCAAT
MA1245.2,AT2G33710,At_GLDP1pro,810,820,+,11.7089,2.10E-05,0.125,TCCGCCACCTA
MA1404.1,BPC1,At_GLDP1pro,1545,1568,-,2.625,2.13E-05,0.0463,CAAGGAGGGAATCTGAGAGAGAGT
MA1292.1,MYB27,At_GLDP1pro,813,827,-,12.5312,2.13E-05,0.127,GATAAATTAGGTGGC
MA1340.1,bZIP3,M_nitens_GLDP1pro,676,690,-,10.8438,2.13E-05,0.127,ATTGCATACGTGTCT
MA1228.1,AT4G18450,M_nitens_GLDP1pro,625,641,+,8.84375,2.17E-05,0.0407,cctgcggtggaagagcc
MA1672.1,GBF2,M_nitens_GLDP1pro,1026,1038,+,12.4662,2.18E-05,0.0433,tacacgtggaatt
MA1671.1,ERF118,At_GLDP1pro,809,819,+,11.7358,2.19E-05,0.0753,TTCCGCCACCT
MA1000.2,ERF105,At_GLDP1pro,42,56,+,9.21875,2.22E-05,0.0655,GCATTGGTGGCTGAA
MA0964.1,BIM1,M_nitens_GLDP1pro,720,729,+,11.8667,2.22E-05,0.0748,acacgtgctc
MA1414.1,E2FA,At_GLDP1pro,95,104,-,13.4767,2.23E-05,0.133,AAGCGCCATG
MA0956.1,BEE2,M_nitens_GLDP1pro,719,728,+,12.0656,2.27E-05,0.0634,gacacgtgct
MA0956.1,BEE2,M_nitens_GLDP1pro,719,728,-,12.0656,2.27E-05,0.0634,AGCACGTGTC
MA1240.1,ERF10,M_nitens_GLDP1pro,615,635,-,10.0938,2.29E-05,0.0337,TCCACCGCAGGCTCCTCCGCA
MA1159.1,SGR5,At_GLDP1pro,435,449,+,12.5938,2.32E-05,0.135,AACAAAAAACAAAAA
MA1359.1,bHLH31,M_nitens_GLDP1pro,1020,1040,-,12.6719,2.33E-05,0.0459,CAAATTCCACGTGTATCGCAT
UN0368.1,MYB99,At_GLDP1pro,813,822,+,13.35,2.33E-05,0.0906,GCCACCTAAT
UN0376.1,NAC053,At_GLDP1pro,122,133,-,12.9726,2.34E-05,0.0348,CTCAAGAAATCC
MA1270.1,AT3G45610,At_GLDP1pro,278,296,+,12.6406,2.35E-05,0.105,ATGCCTTTTTCTTTTTTCT
MA1225.1,ERF5,M_nitens_GLDP1pro,503,517,-,10.2969,2.37E-05,0.0244,TCCCCGTAGCCACCG
MA1239.1,ERF104,M_nitens_GLDP1pro,624,642,-,9.57812,2.38E-05,0.0281,GGGCTCTTCCACCGCAGGC
MA1351.1,GBF3,M_nitens_GLDP1pro,676,690,+,9.96875,2.38E-05,0.139,agacacgtatgcaat
MA1274.1,OBP3,At_GLDP1pro,284,304,+,12.5781,2.39E-05,0.0523,TTTTCTTTTTTCTTTTGGACA
MA1373.1,IDD2,At_GLDP1pro,734,748,+,11.0127,2.40E-05,0.112,AAGAAAAAGACGAAC
MA1156.1,JKD,At_GLDP1pro,877,896,+,12.0156,2.41E-05,0.103,TATTTATTTGTTGTTATCTT
UN0367.1,MYB58,M_nitens_GLDP1pro,1068,1084,+,12.1795,2.43E-05,0.027,cccaaccccaaccccaa
UN0367.1,MYB58,M_nitens_GLDP1pro,1074,1090,+,12.1795,2.43E-05,0.027,cccaaccccaaccccaa
MA1338.1,AREB3,M_nitens_GLDP1pro,676,690,-,8.5,2.44E-05,0.0582,ATTGCATACGTGTCT
MA1252.1,PUCHI,M_nitens_GLDP1pro,626,640,-,10.2812,2.44E-05,0.0723,GCTCTTCCACCGCAG
MA1225.1,ERF5,M_nitens_GLDP1pro,614,628,-,10.2031,2.47E-05,0.0244,CAGGCTCCTCCGCAT
MA1333.1,BEH3,M_nitens_GLDP1pro,1026,1036,+,11.375,2.49E-05,0.035,tacacgtggaa
MA1333.1,BEH3,At_GLDP1pro,1376,1386,+,11.375,2.49E-05,0.035,TACACGTGGAA
MA1659.1,ABF4,M_nitens_GLDP1pro,1025,1036,-,12.7094,2.49E-05,0.0742,TTCCACGTGTAT
MA1659.1,ABF4,At_GLDP1pro,1375,1386,-,12.7094,2.49E-05,0.0742,TTCCACGTGTAT
MA0968.2,bZIP68,M_nitens_GLDP1pro,1022,1036,-,11.2344,2.50E-05,0.0558,TTCCACGTGTATCGC
MA0968.2,bZIP68,At_GLDP1pro,1372,1386,-,11.2344,2.50E-05,0.0558,TTCCACGTGTATCGC
MA0964.1,BIM1,M_nitens_GLDP1pro,718,727,-,11.7667,2.51E-05,0.0748,GCACGTGTCA
MA1074.1,UNE10,M_nitens_GLDP1pro,1027,1034,-,13.7333,2.52E-05,0.0501,CCACGTGT
MA1074.1,UNE10,At_GLDP1pro,1377,1384,-,13.7333,2.52E-05,0.0501,CCACGTGT
MA0959.1,AIB,M_nitens_GLDP1pro,720,727,+,13.1667,2.52E-05,0.0753,acacgtgc
MA0959.1,AIB,M_nitens_GLDP1pro,720,727,-,13.1667,2.52E-05,0.0753,GCACGTGT
MA1671.1,ERF118,M_nitens_GLDP1pro,626,636,-,11.4906,2.53E-05,0.0753,TTCCACCGCAG
MA0962.1,BHLH34,M_nitens_GLDP1pro,1027,1034,+,13.15,2.53E-05,0.0504,acacgtgg
MA0962.1,BHLH34,At_GLDP1pro,1377,1384,+,13.15,2.53E-05,0.0504,ACACGTGG
MA1168.1,MYR2,M_nitens_GLDP1pro,82,95,+,12.75,2.54E-05,0.151,tggcgaatcttttg
MA1404.1,BPC1,At_GLDP1pro,1635,1658,-,2.09375,2.54E-05,0.0463,AACGAAGAGAGTAAGAGAGATGTT
MA1362.1,bHLH77,At_GLDP1pro,1376,1390,-,12.3038,2.54E-05,0.0756,CAGATTCCACGTGTA
MA0931.1,ABI5,M_nitens_GLDP1pro,1025,1034,+,12.8833,2.54E-05,0.0352,atacacgtgg
MA0931.1,ABI5,At_GLDP1pro,1375,1384,+,12.8833,2.54E-05,0.0352,ATACACGTGG
MA1273.1,dof4.2,At_GLDP1pro,274,292,-,12.7031,2.55E-05,0.0741,AAAAGAAAAAGGCATGCCT
MA1061.1,SPT,M_nitens_GLDP1pro,1027,1035,-,12.75,2.57E-05,0.0767,TCCACGTGT
MA1061.1,SPT,At_GLDP1pro,1377,1385,-,12.75,2.57E-05,0.0767,TCCACGTGT
MA1333.1,BEH3,M_nitens_GLDP1pro,718,728,-,11.1875,2.58E-05,0.035,AGCACGTGTCA
MA0550.2,BZR1,At_GLDP1pro,1375,1394,+,10.3281,2.58E-05,0.0338,ATACACGTGGAATCTGCAAC
MA1278.1,OBP1,At_GLDP1pro,164,184,+,12.3906,2.58E-05,0.0605,AGTTGTTTCTTATTGCTTTTT
MA1257.1,ERF9,M_nitens_GLDP1pro,491,511,+,9.5,2.59E-05,0.0254,ctttggtaacaacggtggcta
MA1207.1,GT-A3,M_nitens_GLDP1pro,1026,1042,+,12.6176,2.61E-05,0.0776,tacacgtggaatttgca
MA1247.1,ERF087,M_nitens_GLDP1pro,626,640,+,9.82812,2.64E-05,0.0782,ctgcggtggaagagc
MA1677.1,NAC078,At_GLDP1pro,122,133,-,12.6849,2.64E-05,0.0393,CTCAAGAAATCC
MA1231.1,ERF15,M_nitens_GLDP1pro,616,630,-,9.75,2.67E-05,0.0791,CGCAGGCTCCTCCGC
MA1244.1,ABR1,M_nitens_GLDP1pro,606,624,+,10.4531,2.67E-05,0.0525,tgaaacgaatgcggaggag
UN0379.1,S1FA3,M_nitens_GLDP1pro,431,442,+,12.7619,2.70E-05,0.16,ctttccagaatt
MA1360.1,bHLH74,M_nitens_GLDP1pro,1019,1039,+,11.4521,2.71E-05,0.0535,gatgcgatacacgtggaattt
MA1344.1,bZIP28,M_nitens_GLDP1pro,1022,1036,+,11.7656,2.74E-05,0.0596,gcgatacacgtggaa
MA1344.1,bZIP28,At_GLDP1pro,1372,1386,+,11.7656,2.74E-05,0.0596,GCGATACACGTGGAA
MA1678.1,NTL8,At_GLDP1pro,122,145,-,10.9667,2.76E-05,0.0824,CTCATCTTCTTGCTCAAGAAATCC
UN0367.1,MYB58,M_nitens_GLDP1pro,1080,1096,+,11.9658,2.76E-05,0.027,cccaaccccaaccccta
MA1274.1,OBP3,At_GLDP1pro,277,297,+,12.375,2.77E-05,0.0523,CATGCCTTTTTCTTTTTTCTT
MA0550.1,BZR1,M_nitens_GLDP1pro,675,688,+,12.2192,2.79E-05,0.0332,aagacacgtatgca
MA0968.1,bZIP68,M_nitens_GLDP1pro,719,727,-,10.9167,2.81E-05,0.0559,GCACGTGTC
MA0968.2,bZIP68,M_nitens_GLDP1pro,676,690,+,10.9062,2.81E-05,0.0558,agacacgtatgcaat
UN0342.1,ANAC016,At_GLDP1pro,467,477,+,12.7179,2.82E-05,0.168,TACAAGCAAGT
MA1268.1,AT1G69570,At_GLDP1pro,228,254,+,12.2031,2.83E-05,0.0805,TGATCACTTTTCATTATTACTATTTGT
MA1386.1,HHO3,At_GLDP1pro,1383,1393,+,12.5938,2.87E-05,0.171,GGAATCTGCAA
UN0343.1,ANAC020,At_GLDP1pro,121,144,+,10,2.87E-05,0.169,CGGATTTCTTGAGCAAGAAGATGA
MA1262.1,ERF2,M_nitens_GLDP1pro,503,523,-,9.25,2.88E-05,0.034,ACTCCTTCCCCGTAGCCACCG
MA1338.1,AREB3,M_nitens_GLDP1pro,1022,1036,+,7.67188,2.94E-05,0.0582,gcgatacacgtggaa
MA1338.1,AREB3,At_GLDP1pro,1372,1386,+,7.67188,2.94E-05,0.0582,GCGATACACGTGGAA
MA0947.1,ARR14,M_nitens_GLDP1pro,84,91,-,13.7558,2.94E-05,0.103,AGATTCGC
MA0931.1,ABI5,M_nitens_GLDP1pro,1027,1036,-,12.6667,2.95E-05,0.0352,TTCCACGTGT
MA0931.1,ABI5,At_GLDP1pro,1377,1386,-,12.6667,2.95E-05,0.0352,TTCCACGTGT
MA1349.1,bZIP16,M_nitens_GLDP1pro,1022,1036,+,8.90625,2.98E-05,0.0813,gcgatacacgtggaa
MA1349.1,bZIP16,At_GLDP1pro,1372,1386,+,8.90625,2.98E-05,0.0813,GCGATACACGTGGAA
MA1344.1,bZIP28,M_nitens_GLDP1pro,718,732,-,11.5312,3.01E-05,0.0596,ATTGAGCACGTGTCA
MA0999.1,ERF098,At_GLDP1pro,811,818,+,11.1679,3.03E-05,0.18,CCGCCACC
MA0568.1,MYC3,M_nitens_GLDP1pro,1027,1034,+,12.875,3.03E-05,0.0301,acacgtgg
MA0568.1,MYC3,M_nitens_GLDP1pro,1027,1034,-,12.875,3.03E-05,0.0301,CCACGTGT
MA0568.1,MYC3,At_GLDP1pro,1377,1384,+,12.875,3.03E-05,0.0301,ACACGTGG
MA0568.1,MYC3,At_GLDP1pro,1377,1384,-,12.875,3.03E-05,0.0301,CCACGTGT
MA1236.1,ESE3,M_nitens_GLDP1pro,617,635,+,9.90625,3.03E-05,0.0444,cggaggagcctgcggtgga
UN0368.1,MYB99,M_nitens_GLDP1pro,958,967,+,12.9833,3.04E-05,0.0906,tccacctaaa
MA1240.1,ERF10,M_nitens_GLDP1pro,498,518,-,9.39062,3.05E-05,0.036,TTCCCCGTAGCCACCGTTGTT
MA1256.1,RAP212,M_nitens_GLDP1pro,605,625,+,9.29688,3.07E-05,0.0619,ttgaaacgaatgcggaggagc
MA1350.1,bZIP42,M_nitens_GLDP1pro,677,688,-,4.77215,3.12E-05,0.186,TGCATACGTGTC
MA1256.1,RAP212,M_nitens_GLDP1pro,494,514,+,9.23438,3.15E-05,0.0619,tggtaacaacggtggctacgg
MA1278.1,OBP1,M_nitens_GLDP1pro,857,877,-,12.1719,3.15E-05,0.0605,TTTTTTTTTTGTAACCTTTTC
MA1289.1,TCP3,M_nitens_GLDP1pro,952,964,+,9.04688,3.16E-05,0.188,ttttggtccacct
MA1272.1,AT2G28810,At_GLDP1pro,1042,1062,+,12.2656,3.17E-05,0.0609,TCTATTTTTTCGTACTTTTTT
MA1674.1,NAC017,At_GLDP1pro,122,145,+,8.75,3.19E-05,0.101,GGATTTCTTGAGCAAGAAGATGAG
MA1160.1,AT1G14580,At_GLDP1pro,877,896,+,10.6324,3.20E-05,0.0726,TATTTATTTGTTGTTATCTT
MA1228.1,AT4G18450,M_nitens_GLDP1pro,613,629,+,7.67188,3.22E-05,0.0407,aatgcggaggagcctgc
MA0958.1,BHLH13,M_nitens_GLDP1pro,1027,1034,-,11.9419,3.25E-05,0.0486,CCACGTGT
MA0958.1,BHLH13,At_GLDP1pro,1377,1384,-,11.9419,3.25E-05,0.0486,CCACGTGT
MA0550.2,BZR1,At_GLDP1pro,1367,1386,-,9.64062,3.26E-05,0.0338,TTCCACGTGTATCGCATCTA
MA1246.1,LEP,M_nitens_GLDP1pro,615,635,-,9.15625,3.27E-05,0.0641,TCCACCGCAGGCTCCTCCGCA
MA1404.1,BPC1,At_GLDP1pro,318,341,-,1.3125,3.28E-05,0.0463,GAAACAAATAGAGTGATAGGCATA
MA1403.1,BPC5,At_GLDP1pro,1546,1575,-,-43.1899,3.29E-05,0.0308,CTAGCTACAAGGAGGGAATCTGAGAGAGAG
MA1381.1,AT3G46070,At_GLDP1pro,320,334,+,12.3836,3.29E-05,0.165,TGCCTATCACTCTAT
UN0380.1,SMB,At_GLDP1pro,467,477,+,12.383,3.30E-05,0.197,TACAAGCAAGT
MA1332.1,BEH2,M_nitens_GLDP1pro,1025,1035,+,5.5625,3.31E-05,0.0494,atacacgtgga
MA1332.1,BEH2,At_GLDP1pro,1375,1385,+,5.5625,3.31E-05,0.0494,ATACACGTGGA
MA1331.1,BEH4,M_nitens_GLDP1pro,719,729,+,7.20312,3.32E-05,0.0473,gacacgtgctc
MA1333.1,BEH3,M_nitens_GLDP1pro,1025,1035,-,9.89062,3.35E-05,0.035,TCCACGTGTAT
MA1333.1,BEH3,At_GLDP1pro,1375,1385,-,9.89062,3.35E-05,0.035,TCCACGTGTAT
MA1267.1,AT5G66940,At_GLDP1pro,1040,1068,+,12.0312,3.36E-05,0.0384,ATTCTATTTTTTCGTACTTTTTTGTTGGA
MA0001.1,AGL3,M_nitens_GLDP1pro,259,268,-,12.1646,3.38E-05,0.202,CCAAAATTAG
MA1228.1,AT4G18450,At_GLDP1pro,45,61,+,7.5,3.40E-05,0.0407,TTGGTGGCTGAAGGAGT
MA0550.2,BZR1,M_nitens_GLDP1pro,1025,1044,+,9.48438,3.43E-05,0.0338,atacacgtggaatttgcaca
MA0550.2,BZR1,M_nitens_GLDP1pro,710,729,-,9.48438,3.43E-05,0.0338,GAGCACGTGTCAAGCTTCTG
MA1674.1,NAC017,At_GLDP1pro,123,146,-,8.55,3.43E-05,0.101,ACTCATCTTCTTGCTCAAGAAATC
MA1228.1,AT4G18450,At_GLDP1pro,804,820,-,7.46875,3.44E-05,0.0407,TAGGTGGCGGAATGCGT
MA1191.1,AT3G10113,M_nitens_GLDP1pro,1127,1141,-,12.8281,3.44E-05,0.107,TAAAAAAATATCAAA
MA0947.1,ARR14,M_nitens_GLDP1pro,62,69,-,13.5814,3.44E-05,0.103,AGATCCGC
MA0559.1,PI,At_GLDP1pro,288,301,-,11.9375,3.44E-05,0.146,CCAAAAGAAAAAAG
MA1361.1,bHLH18,M_nitens_GLDP1pro,1026,1042,-,10.4658,3.46E-05,0.0513,TGCAAATTCCACGTGTA
MA1333.1,BEH3,M_nitens_GLDP1pro,719,729,+,9.625,3.52E-05,0.035,gacacgtgctc
MA1160.1,AT1G14580,M_nitens_GLDP1pro,91,110,+,10.4118,3.53E-05,0.0726,ttttgttttgtatttatgtt
UN0356.1,AT5G05550,M_nitens_GLDP1pro,639,651,-,11.2143,3.53E-05,0.105,GTCGCCGGAGGGC
MA1669.1,DREB1B,At_GLDP1pro,1302,1315,-,11.9362,3.57E-05,0.212,ATCTCCGACATCTC
MA1270.1,AT3G45610,At_GLDP1pro,175,193,+,12.1562,3.59E-05,0.105,ATTGCTTTTTGTTTCTTGG
MA1364.1,PIF7,M_nitens_GLDP1pro,713,727,+,10.1918,3.64E-05,0.0585,aagcttgacacgtgc
MA1242.1,AT3G57600,At_GLDP1pro,808,818,+,9.25,3.67E-05,0.0757,ATTCCGCCACC
MA1371.1,IDD4,At_GLDP1pro,734,750,+,10.3281,3.68E-05,0.107,AAGAAAAAGACGAACCC
UN0346.1,ANAC057,At_GLDP1pro,1482,1492,-,12.3929,3.70E-05,0.0552,CCCAAGAAATA
UN0374.1,NAC037,At_GLDP1pro,467,477,+,12.4,3.72E-05,0.222,TACAAGCAAGT
MA1339.1,bZIP43,M_nitens_GLDP1pro,677,688,+,5.56977,3.72E-05,0.222,gacacgtatgca
MA1403.1,BPC5,At_GLDP1pro,1548,1577,-,-43.9241,3.73E-05,0.0308,AGCTAGCTACAAGGAGGGAATCTGAGAGAG
MA1279.1,COG1,At_GLDP1pro,282,302,-,12.0625,3.74E-05,0.117,TCCAAAAGAAAAAAGAAAAAG
MA1403.1,BPC5,At_GLDP1pro,1630,1659,-,-43.962,3.75E-05,0.0308,AAACGAAGAGAGTAAGAGAGATGTTTTGAG
MA1158.1,MGP,At_GLDP1pro,734,753,+,10.5156,3.76E-05,0.218,AAGAAAAAGACGAACCCTAT
MA0580.1,DYT1,M_nitens_GLDP1pro,1021,1034,+,8.08654,3.79E-05,0.113,tgcgatacacgtgg
MA0580.1,DYT1,At_GLDP1pro,1371,1384,+,8.08654,3.79E-05,0.113,TGCGATACACGTGG
UN0377.1,NAC101,At_GLDP1pro,467,477,+,12.2558,3.80E-05,0.226,TACAAGCAAGT
MA1353.1,AT1G72740,M_nitens_GLDP1pro,1068,1082,-,10.6562,3.80E-05,0.0754,GGGGTTGGGGTTGGG
MA1353.1,AT1G72740,M_nitens_GLDP1pro,1074,1088,-,10.6562,3.80E-05,0.0754,GGGGTTGGGGTTGGG
MA1353.1,AT1G72740,M_nitens_GLDP1pro,1080,1094,-,10.6562,3.80E-05,0.0754,GGGGTTGGGGTTGGG
MA1337.1,bZIP44,M_nitens_GLDP1pro,676,690,-,7.3125,3.80E-05,0.226,ATTGCATACGTGTCT
MA1242.1,AT3G57600,M_nitens_GLDP1pro,501,511,-,9.125,3.82E-05,0.0757,TAGCCACCGTT
MA0953.1,ATHB-6,At_GLDP1pro,385,393,+,9.64078,3.82E-05,0.228,TCAATCATG
MA1160.1,AT1G14580,At_GLDP1pro,734,753,-,10.2206,3.83E-05,0.0726,ATAGGGTTCGTCTTTTTCTT
MA1170.1,MYB118,M_nitens_GLDP1pro,854,870,+,11.8235,3.88E-05,0.231,aatgaaaaggttacaaa
UN0370.1,NAC007,At_GLDP1pro,467,477,+,12.1809,3.91E-05,0.233,TACAAGCAAGT
MA1156.1,JKD,M_nitens_GLDP1pro,91,110,+,11.0156,3.94E-05,0.103,ttttgttttgtatttatgtt
MA1331.1,BEH4,M_nitens_GLDP1pro,1025,1035,-,6,3.96E-05,0.0473,TCCACGTGTAT
MA1331.1,BEH4,At_GLDP1pro,1375,1385,-,6,3.96E-05,0.0473,TCCACGTGTAT
MA1403.1,BPC5,At_GLDP1pro,1628,1657,-,-44.2785,3.97E-05,0.0308,ACGAAGAGAGTAAGAGAGATGTTTTGAGAA
MA1678.1,NTL8,At_GLDP1pro,123,146,+,10.15,3.97E-05,0.0824,GATTTCTTGAGCAAGAAGATGAGT
MA1000.2,ERF105,At_GLDP1pro,809,823,-,7.39062,3.98E-05,0.0784,AATTAGGTGGCGGAA
MA1257.1,ERF9,M_nitens_GLDP1pro,620,640,+,8.5,4.01E-05,0.0337,aggagcctgcggtggaagagc
UN0347.1,ANAC075,At_GLDP1pro,121,144,+,10.25,4.02E-05,0.146,CGGATTTCTTGAGCAAGAAGATGA
MA1279.1,COG1,At_GLDP1pro,173,193,-,11.9688,4.03E-05,0.117,CCAAGAAACAAAAAGCAATAA
MA1255.1,AT1G22810,At_GLDP1pro,1301,1315,+,10.0312,4.10E-05,0.104,AGAGATGTCGGAGAT
MA1349.1,bZIP16,M_nitens_GLDP1pro,676,690,-,7.73438,4.10E-05,0.0813,ATTGCATACGTGTCT
MA0968.1,bZIP68,M_nitens_GLDP1pro,1027,1035,+,10.75,4.16E-05,0.0559,acacgtgga
MA0968.1,bZIP68,At_GLDP1pro,1377,1385,+,10.75,4.16E-05,0.0559,ACACGTGGA
MA1061.1,SPT,M_nitens_GLDP1pro,720,728,-,11.9,4.17E-05,0.0831,AGCACGTGT
MA1678.1,NTL8,M_nitens_GLDP1pro,660,683,+,10.0333,4.18E-05,0.0824,catagcttcgcatgaaagacacgt
MA1281.1,AT5G02460,M_nitens_GLDP1pro,856,876,+,11.8125,4.19E-05,0.0603,tgaaaaggttacaaaaaaaaa
MA1370.1,IDD5,At_GLDP1pro,734,749,-,10.0685,4.21E-05,0.242,GGTTCGTCTTTTTCTT
MA1679.1,RAP2-1,At_GLDP1pro,1302,1316,-,10.8167,4.25E-05,0.252,GATCTCCGACATCTC
MA0569.1,MYC4,M_nitens_GLDP1pro,1027,1034,+,12.3291,4.25E-05,0.0424,acacgtgg
MA0569.1,MYC4,M_nitens_GLDP1pro,1027,1034,-,12.3291,4.25E-05,0.0424,CCACGTGT
MA0569.1,MYC4,At_GLDP1pro,1377,1384,+,12.3291,4.25E-05,0.0424,ACACGTGG
MA0569.1,MYC4,At_GLDP1pro,1377,1384,-,12.3291,4.25E-05,0.0424,CCACGTGT
MA1273.1,dof4.2,M_nitens_GLDP1pro,852,870,+,11.9844,4.26E-05,0.0823,gaaatgaaaaggttacaaa
UN0371.1,NAC010,At_GLDP1pro,121,144,+,10.35,4.27E-05,0.252,CGGATTTCTTGAGCAAGAAGATGA
MA1226.1,AT5G18450,At_GLDP1pro,38,52,+,9.625,4.29E-05,0.0683,TGCAGCATTGGTGGC
MA1264.1,ESE1,At_GLDP1pro,43,57,+,8,4.32E-05,0.084,CATTGGTGGCTGAAG
MA1403.1,BPC5,At_GLDP1pro,1544,1573,-,-44.7975,4.33E-05,0.0308,AGCTACAAGGAGGGAATCTGAGAGAGAGTA
MA1274.1,OBP3,M_nitens_GLDP1pro,865,885,-,11.7344,4.36E-05,0.0617,GTTGTTTTTTTTTTTTTTGTA
MA1404.1,BPC1,At_GLDP1pro,1543,1566,-,0.40625,4.38E-05,0.0495,AGGAGGGAATCTGAGAGAGAGTAT
UN0349.1,ANAC096,At_GLDP1pro,123,146,-,8.18333,4.45E-05,0.138,ACTCATCTTCTTGCTCAAGAAATC
UN0348.1,ANAC076,At_GLDP1pro,467,478,+,12.0532,4.46E-05,0.265,TACAAGCAAGTA
MA1219.1,CEJ1,M_nitens_GLDP1pro,500,514,-,10.125,4.48E-05,0.134,CCGTAGCCACCGTTG
MA1252.1,PUCHI,M_nitens_GLDP1pro,614,628,-,8.71875,4.50E-05,0.0766,CAGGCTCCTCCGCAT
MA0985.1,DRE1C,At_GLDP1pro,1305,1312,+,8.91346,4.50E-05,0.266,ATGTCGGA
MA1261.1,AT5G67000,M_nitens_GLDP1pro,500,514,+,11.3151,4.51E-05,0.174,caacggtggctacgg
MA1344.1,bZIP28,M_nitens_GLDP1pro,676,690,-,10.4688,4.53E-05,0.0673,ATTGCATACGTGTCT
MA1219.1,CEJ1,M_nitens_GLDP1pro,1242,1256,+,10.0938,4.53E-05,0.134,acctcttcaccaacc
MA0571.1,ANT,M_nitens_GLDP1pro,1209,1229,+,6.61628,4.53E-05,0.268,atacacagtcactcatataca
MA1265.2,ERF015,At_GLDP1pro,1304,1315,-,10.65,4.54E-05,0.27,ATCTCCGACATC
MA1338.1,AREB3,M_nitens_GLDP1pro,718,732,-,5.5625,4.55E-05,0.0677,ATTGAGCACGTGTCA
MA1374.1,IDD7,At_GLDP1pro,734,751,+,10.0625,4.58E-05,0.215,AAGAAAAAGACGAACCCT
MA1264.1,ESE1,M_nitens_GLDP1pro,617,631,+,7.82812,4.59E-05,0.084,cggaggagcctgcgg
MA0995.2,ERF039,At_GLDP1pro,1304,1314,-,11.8734,4.63E-05,0.275,TCTCCGACATC
MA1226.1,AT5G18450,At_GLDP1pro,810,824,-,9.4375,4.64E-05,0.0683,AAATTAGGTGGCGGA
MA0576.1,RAX3,M_nitens_GLDP1pro,1065,1077,-,2.97468,4.64E-05,0.146,TGGGGTTGGGTTG
MA1415.1,REF6,At_GLDP1pro,1460,1470,-,11.4384,4.64E-05,0.277,AATACAGAGAA
MA1191.1,AT3G10113,M_nitens_GLDP1pro,1152,1166,+,12.4844,4.65E-05,0.107,tctaaaaatatcaaa
MA1240.1,ERF10,At_GLDP1pro,44,64,-,8.3125,4.66E-05,0.0458,AGCACTCCTTCAGCCACCAAT
MA0586.1,SPL14,M_nitens_GLDP1pro,3,21,+,8.53191,4.67E-05,0.277,ttctggccgtccaagacgc
MA1352.1,TRP1,At_GLDP1pro,1082,1102,+,-2.23529,4.67E-05,0.276,ACCAAAAAAACTTAACATTGA
UN0349.1,ANAC096,At_GLDP1pro,122,145,+,8.03333,4.69E-05,0.138,GGATTTCTTGAGCAAGAAGATGAG
MA0968.1,bZIP68,M_nitens_GLDP1pro,1026,1034,-,10.6667,4.70E-05,0.0559,CCACGTGTA
MA0968.1,bZIP68,At_GLDP1pro,1376,1384,-,10.6667,4.70E-05,0.0559,CCACGTGTA
MA1256.1,RAP212,At_GLDP1pro,37,57,+,8.15625,4.73E-05,0.0697,TTGCAGCATTGGTGGCTGAAG
MA0560.1,PIF3,M_nitens_GLDP1pro,720,729,-,11.4688,4.83E-05,0.0905,GAGCACGTGT
MA1280.1,OBP4,At_GLDP1pro,904,917,+,11.9062,4.86E-05,0.287,GATAAAGGTGACAA
MA1040.1,MYB46,M_nitens_GLDP1pro,1062,1069,-,11.4043,4.88E-05,0.0973,GGTTGGTG
MA1040.1,MYB46,M_nitens_GLDP1pro,1249,1256,-,11.4043,4.88E-05,0.0973,GGTTGGTG
MA1040.1,MYB46,At_GLDP1pro,1399,1406,-,11.4043,4.88E-05,0.0973,GGTTGGTG
MA1250.1,AT1G75490,At_GLDP1pro,805,819,+,9.59375,4.91E-05,0.0846,CGCATTCCGCCACCT
MA1225.1,ERF5,M_nitens_GLDP1pro,611,625,-,8.64062,4.92E-05,0.0377,GCTCCTCCGCATTCG
MA1364.1,PIF7,M_nitens_GLDP1pro,1020,1034,+,9.34247,4.92E-05,0.0585,atgcgatacacgtgg
MA1364.1,PIF7,At_GLDP1pro,1370,1384,+,9.34247,4.92E-05,0.0585,ATGCGATACACGTGG
MA1184.1,RVE1,M_nitens_GLDP1pro,1127,1140,-,12.3125,4.93E-05,0.133,AAAAAAATATCAAA
MA0576.1,RAX3,At_GLDP1pro,1398,1410,-,2.72152,4.95E-05,0.146,ATGTGGTTGGTGA
MA1361.1,bHLH18,At_GLDP1pro,1376,1392,-,9.63014,4.96E-05,0.0589,TGCAGATTCCACGTGTA
MA1359.1,bHLH31,M_nitens_GLDP1pro,1021,1041,+,11.0312,4.96E-05,0.059,tgcgatacacgtggaatttgc
MA0941.1,ABF2,At_GLDP1pro,1376,1388,-,11.7333,4.97E-05,0.074,GATTCCACGTGTA
MA0930.1,ABF3,M_nitens_GLDP1pro,720,727,+,10.6752,4.99E-05,0.0497,acacgtgc
MA0930.1,ABF3,M_nitens_GLDP1pro,720,727,-,10.6752,4.99E-05,0.0497,GCACGTGT
MA0930.1,ABF3,M_nitens_GLDP1pro,1027,1034,+,10.6752,4.99E-05,0.0497,acacgtgg
MA0930.1,ABF3,M_nitens_GLDP1pro,1027,1034,-,10.6752,4.99E-05,0.0497,CCACGTGT
MA0930.1,ABF3,At_GLDP1pro,1377,1384,+,10.6752,4.99E-05,0.0497,ACACGTGG
MA0930.1,ABF3,At_GLDP1pro,1377,1384,-,10.6752,4.99E-05,0.0497,CCACGTGT
MA1245.2,AT2G33710,M_nitens_GLDP1pro,502,512,-,9.86076,4.99E-05,0.141,GTAGCCACCGT
MA1276.1,AT3G52440,At_GLDP1pro,904,914,+,11.8438,5.01E-05,0.297,GATAAAGGTGA
MA0957.1,BHLH3,M_nitens_GLDP1pro,1027,1034,+,11.6949,5.02E-05,0.0498,acacgtgg
MA0957.1,BHLH3,M_nitens_GLDP1pro,1027,1034,-,11.6949,5.02E-05,0.0498,CCACGTGT
MA0957.1,BHLH3,At_GLDP1pro,1377,1384,+,11.6949,5.02E-05,0.0498,ACACGTGG
MA0957.1,BHLH3,At_GLDP1pro,1377,1384,-,11.6949,5.02E-05,0.0498,CCACGTGT
MA0949.1,ARR2,M_nitens_GLDP1pro,62,71,+,11.95,5.07E-05,0.15,gcggatctct
MA1376.1,DEAR3,At_GLDP1pro,1303,1319,+,7.75,5.08E-05,0.302,AGATGTCGGAGATCCAA
MA1225.1,ERF5,M_nitens_GLDP1pro,623,637,-,8.5625,5.09E-05,0.0377,CTTCCACCGCAGGCT
UN0347.1,ANAC075,M_nitens_GLDP1pro,411,434,-,9.71875,5.12E-05,0.146,AAAGAAACTTCGTTGAAACGCTTT
MA1663.1,ANAC050,At_GLDP1pro,125,140,-,8.10938,5.14E-05,0.306,CTTCTTGCTCAAGAAA
MA1362.1,bHLH77,M_nitens_GLDP1pro,1026,1040,-,10.3418,5.16E-05,0.102,CAAATTCCACGTGTA
UN0080.1,PHL3,At_GLDP1pro,1381,1390,-,10.2333,5.17E-05,0.1,CAGATTCCAC
MA1252.1,PUCHI,M_nitens_GLDP1pro,623,637,-,8.34375,5.18E-05,0.0766,CTTCCACCGCAGGCT
MA1016.1,GATA15,M_nitens_GLDP1pro,1011,1019,+,9.7,5.19E-05,0.309,cctgatcag
MA1659.1,ABF4,M_nitens_GLDP1pro,718,729,+,11.1282,5.21E-05,0.103,tgacacgtgctc
MA1668.1,DPBF3,At_GLDP1pro,1373,1389,-,9.76786,5.21E-05,0.0968,AGATTCCACGTGTATCG
MA1286.1,TCP24,M_nitens_GLDP1pro,952,963,+,8.48438,5.22E-05,0.272,ttttggtccacc
MA0976.2,CRF4,At_GLDP1pro,808,819,+,9.31915,5.22E-05,0.128,ATTCCGCCACCT
MA1328.1,ATHB34,M_nitens_GLDP1pro,887,901,+,11.8235,5.24E-05,0.312,aataataactaatta
MA0968.2,bZIP68,M_nitens_GLDP1pro,718,732,+,9.14062,5.24E-05,0.0779,tgacacgtgctcaat
MA1052.1,RAP2-6,At_GLDP1pro,811,818,+,9.24419,5.25E-05,0.205,CCGCCACC
MA0958.1,BHLH13,M_nitens_GLDP1pro,1027,1034,+,11.6628,5.26E-05,0.0524,acacgtgg
MA0958.1,BHLH13,At_GLDP1pro,1377,1384,+,11.6628,5.26E-05,0.0524,ACACGTGG
MA1255.1,AT1G22810,M_nitens_GLDP1pro,640,654,-,9.4375,5.26E-05,0.104,TGGGTCGCCGGAGGG
MA1005.2,ERF3,M_nitens_GLDP1pro,502,512,-,9.44643,5.27E-05,0.156,GTAGCCACCGT
MA1156.1,JKD,At_GLDP1pro,734,753,-,10.3906,5.27E-05,0.103,ATAGGGTTCGTCTTTTTCTT
MA1266.1,RAP211,M_nitens_GLDP1pro,500,514,-,10.0938,5.28E-05,0.263,CCGTAGCCACCGTTG
MA1682.1,TCX3,M_nitens_GLDP1pro,938,951,-,11.6333,5.30E-05,0.311,AAAAATTCATATTT
MA1340.1,bZIP3,M_nitens_GLDP1pro,718,732,-,8.34375,5.31E-05,0.158,ATTGAGCACGTGTCA
MA0570.1,ABF1,M_nitens_GLDP1pro,669,687,-,2.96512,5.34E-05,0.316,GCATACGTGTCTTTCATGC
MA1359.1,bHLH31,M_nitens_GLDP1pro,714,734,+,10.8438,5.36E-05,0.059,agcttgacacgtgctcaatgt
UN0350.1,ANAC103,At_GLDP1pro,123,146,-,9.3,5.37E-05,0.318,ACTCATCTTCTTGCTCAAGAAATC
MA1372.1,STZ,At_GLDP1pro,943,953,+,11.3846,5.42E-05,0.162,CTCTTCCACTT
MA1191.1,AT3G10113,M_nitens_GLDP1pro,980,994,-,12.2969,5.42E-05,0.107,ACCATAAATATCATA
MA1260.1,AT1G77640,M_nitens_GLDP1pro,1060,1080,-,7.51562,5.45E-05,0.141,GGTTGGGGTTGGGTTGGTGAA
MA1051.1,RAP2-3,M_nitens_GLDP1pro,644,651,+,11.1154,5.48E-05,0.326,ccggcgac
MA1666.1,HSFB2B,M_nitens_GLDP1pro,433,446,+,9.0625,5.50E-05,0.267,ttccagaatttttt
MA1332.1,BEH2,M_nitens_GLDP1pro,718,728,+,3.5,5.50E-05,0.0657,tgacacgtgct
MA0561.1,PIF4,M_nitens_GLDP1pro,1026,1033,-,11.3382,5.51E-05,0.0659,CACGTGTA
MA0561.1,PIF4,At_GLDP1pro,1376,1383,-,11.3382,5.51E-05,0.0659,CACGTGTA
MA1381.1,AT3G46070,At_GLDP1pro,897,911,-,11.6712,5.55E-05,0.165,CCTTTATCACTCAGA
MA1239.1,ERF104,M_nitens_GLDP1pro,77,95,-,7.29688,5.57E-05,0.0539,CAAAAGATTCGCCATCGCA
MA1005.1,ERF3,M_nitens_GLDP1pro,642,649,-,10.9833,5.59E-05,0.334,CGCCGGAG
MA1231.1,ERF15,At_GLDP1pro,45,59,-,7.73438,5.60E-05,0.0931,TCCTTCAGCCACCAA
MA1182.1,At3g09600,M_nitens_GLDP1pro,1129,1140,+,12.0312,5.62E-05,0.212,tgatattttttt
MA1049.1,ERF094,M_nitens_GLDP1pro,503,510,-,10.4333,5.62E-05,0.171,AGCCACCG
MA1277.1,Adof1,At_GLDP1pro,1047,1067,-,11.5469,5.62E-05,0.108,CCAACAAAAAAGTACGAAAAA
MA0950.1,ATHB-12,At_GLDP1pro,386,393,-,11.377,5.67E-05,0.339,CATGATTG
MA1027.1,KAN1,At_GLDP1pro,369,376,+,9.08148,5.67E-05,0.227,AGATATTC
MA1373.1,IDD2,At_GLDP1pro,882,896,-,8.72152,5.67E-05,0.112,AAGATAACAACAAAT
MA1260.1,AT1G77640,M_nitens_GLDP1pro,615,635,+,7.34375,5.68E-05,0.141,tgcggaggagcctgcggtgga
UN0361.1,E2FD,At_GLDP1pro,1149,1164,+,8.57447,5.70E-05,0.334,TTTTGTAGGAAAATAA
MA1165.1,HHO6,At_GLDP1pro,1550,1560,+,11.7344,5.70E-05,0.18,CTCTCAGATTC
MA1250.1,AT1G75490,At_GLDP1pro,43,57,-,9.23438,5.72E-05,0.0846,CTTCAGCCACCAATG
MA1326.1,ZHD5,M_nitens_GLDP1pro,292,302,+,11.6866,5.74E-05,0.343,aagtaattagc
MA0946.1,ARR11,M_nitens_GLDP1pro,85,92,-,12.4615,5.75E-05,0.344,AAGATTCG
MA1402.1,BPC6,At_GLDP1pro,321,341,+,-1.47945,5.77E-05,0.11,GCCTATCACTCTATTTGTTTC
UN0352.1,ASIL2,M_nitens_GLDP1pro,639,651,-,10.2167,5.78E-05,0.172,GTCGCCGGAGGGC
MA0982.1,DOF2.4,M_nitens_GLDP1pro,397,403,-,7.09184,5.80E-05,0.173,GAAAAGC
MA0982.1,DOF2.4,M_nitens_GLDP1pro,409,415,+,7.09184,5.80E-05,0.173,gaaaagc
MA1201.1,AGL42,M_nitens_GLDP1pro,133,139,-,12.9178,5.80E-05,0.116,CATCATC
MA1201.1,AGL42,At_GLDP1pro,200,206,-,12.9178,5.80E-05,0.116,CATCATC
MA1201.1,AGL42,M_nitens_GLDP1pro,1281,1287,+,12.9178,5.80E-05,0.116,catcatc
UN0353.1,AT3G11100,M_nitens_GLDP1pro,3,14,-,10.9038,5.80E-05,0.173,GGACGGCCAGAA
MA1404.1,BPC1,At_GLDP1pro,944,967,-,-0.484375,5.80E-05,0.0513,AAGGAAGGGAACTGAAGTGGAAGA
MA0981.1,DOF1.8,M_nitens_GLDP1pro,408,417,+,8.11667,5.84E-05,0.174,ggaaaagcgt
MA1327.1,ATHB23,At_GLDP1pro,754,775,-,11.6471,5.85E-05,0.346,AATTTTAATTAAACAGATAAAT
MA1036.1,MYB111,M_nitens_GLDP1pro,1062,1069,-,11.6809,5.86E-05,0.117,GGTTGGTG
MA1036.1,MYB111,M_nitens_GLDP1pro,1249,1256,-,11.6809,5.86E-05,0.117,GGTTGGTG
MA1036.1,MYB111,At_GLDP1pro,1399,1406,-,11.6809,5.86E-05,0.117,GGTTGGTG
MA1664.1,HSFA6B,At_GLDP1pro,512,526,-,10.2656,5.86E-05,0.347,AGAATATGCTCGAAA
MA1329.1,ZHD1,M_nitens_GLDP1pro,892,906,+,11.5735,5.87E-05,0.349,taactaattaagaga
MA1261.1,AT5G67000,At_GLDP1pro,1399,1413,-,10.7945,5.90E-05,0.174,CGGATGTGGTTGGTG
MA1294.1,MYB62,At_GLDP1pro,814,828,-,11.7656,5.90E-05,0.179,TGATAAATTAGGTGG
MA1193.1,At2g38090,At_GLDP1pro,749,769,-,11.0127,5.90E-05,0.344,AATTAAACAGATAAATATAGG
MA1668.1,DPBF3,M_nitens_GLDP1pro,1023,1039,-,9.48214,5.91E-05,0.0968,AAATTCCACGTGTATCG
MA1190.1,RVE5,M_nitens_GLDP1pro,1144,1154,-,11.75,5.94E-05,0.262,AGATTTTTTTT
MA0562.1,PIF5,M_nitens_GLDP1pro,1027,1034,-,11.8971,5.96E-05,0.144,CCACGTGT
MA0562.1,PIF5,At_GLDP1pro,1377,1384,-,11.8971,5.96E-05,0.144,CCACGTGT
MA1359.1,bHLH31,At_GLDP1pro,1371,1391,+,10.5625,5.98E-05,0.059,TGCGATACACGTGGAATCTGC
MA0931.1,ABI5,M_nitens_GLDP1pro,676,685,+,11.6667,5.98E-05,0.0596,agacacgtat
MA1287.1,TCP21,At_GLDP1pro,714,727,+,8.28125,6.00E-05,0.239,GATGGTTCCCATGC
MA1233.1,ERF021,M_nitens_GLDP1pro,623,642,-,9.35938,6.03E-05,0.059,GGGCTCTTCCACCGCAGGCT
MA1294.1,MYB62,At_GLDP1pro,265,279,+,11.7344,6.04E-05,0.179,AATAAATTTAGGCAT
MA1165.1,HHO6,M_nitens_GLDP1pro,86,96,-,11.6094,6.05E-05,0.18,ACAAAAGATTC
MA0980.2,RAP2-10,At_GLDP1pro,1303,1314,-,10.5851,6.05E-05,0.361,TCTCCGACATCT
MA1233.2,ERF021,M_nitens_GLDP1pro,641,655,+,10.6346,6.07E-05,0.226,cctccggcgacccaa
MA1331.1,BEH4,M_nitens_GLDP1pro,718,728,-,3.73438,6.07E-05,0.0604,AGCACGTGTCA
MA1293.1,MYB57,At_GLDP1pro,813,826,+,9.8125,6.08E-05,0.362,GCCACCTAATTTAT
MA1246.1,LEP,M_nitens_GLDP1pro,492,512,-,7.59375,6.10E-05,0.0826,GTAGCCACCGTTGTTACCAAA
MA1236.1,ESE3,At_GLDP1pro,40,58,+,8.23438,6.11E-05,0.0634,CAGCATTGGTGGCTGAAGG
MA1357.1,bHLH80,At_GLDP1pro,160,170,+,10.5625,6.14E-05,0.366,TTCAAGTTGTT
MA1053.1,ERF109,M_nitens_GLDP1pro,644,651,+,9.92553,6.14E-05,0.291,ccggcgac
MA1262.1,ERF2,M_nitens_GLDP1pro,611,631,-,7.20312,6.22E-05,0.0611,CCGCAGGCTCCTCCGCATTCG
MA1240.1,ERF10,M_nitens_GLDP1pro,627,647,-,7.53125,6.24E-05,0.0526,CCGGAGGGCTCTTCCACCGCA
MA1172.1,MYB3R5,At_GLDP1pro,1517,1531,-,11.125,6.26E-05,0.223,ACTCACGGACCGTTG
MA1231.1,ERF15,M_nitens_GLDP1pro,625,639,-,7.40625,6.28E-05,0.0931,CTCTTCCACCGCAGG
MA1288.1,At1g72010,At_GLDP1pro,713,725,+,7.04688,6.29E-05,0.375,CGATGGTTCCCAT
MA1404.1,BPC1,At_GLDP1pro,1631,1654,-,-0.78125,6.36E-05,0.0513,AAGAGAGTAAGAGAGATGTTTTGA
MA0956.1,BEE2,M_nitens_GLDP1pro,1026,1035,+,10.6393,6.37E-05,0.0634,tacacgtgga
MA0956.1,BEE2,M_nitens_GLDP1pro,1026,1035,-,10.6393,6.37E-05,0.0634,TCCACGTGTA
MA0956.1,BEE2,At_GLDP1pro,1376,1385,+,10.6393,6.37E-05,0.0634,TACACGTGGA
MA0956.1,BEE2,At_GLDP1pro,1376,1385,-,10.6393,6.37E-05,0.0634,TCCACGTGTA
MA0574.1,MYB15,At_GLDP1pro,1398,1410,-,3.48101,6.38E-05,0.24,ATGTGGTTGGTGA
MA1350.1,bZIP42,At_GLDP1pro,947,958,-,2.11392,6.39E-05,0.19,AACTGAAGTGGA
MA1239.1,ERF104,M_nitens_GLDP1pro,618,636,-,6.90625,6.39E-05,0.0539,TTCCACCGCAGGCTCCTCC
MA0983.1,DOF5.6,M_nitens_GLDP1pro,1295,1302,-,8.05208,6.40E-05,0.156,GGTAACGC
MA1157.1,NUC,At_GLDP1pro,734,753,-,9.71875,6.41E-05,0.373,ATAGGGTTCGTCTTTTTCTT
MA1384.1,PHL7,At_GLDP1pro,989,1001,+,11.2812,6.43E-05,0.383,TACAGCATATCCC
MA0559.1,PI,At_GLDP1pro,944,957,-,10.9062,6.45E-05,0.146,ACTGAAGTGGAAGA
MA1004.1,ERF13,M_nitens_GLDP1pro,7,14,+,11.1,6.50E-05,0.382,ggccgtcc
MA1283.1,TCP14,At_GLDP1pro,1112,1131,+,-5.51163,6.50E-05,0.384,ACAATTTACGTATGTCCCAT
MA1025.1,HBI1,M_nitens_GLDP1pro,717,728,+,10.65,6.51E-05,0.194,ttgacacgtgct
MA1242.1,AT3G57600,M_nitens_GLDP1pro,582,592,-,7.51562,6.52E-05,0.0964,TTGCCACCACA
MA1668.1,DPBF3,M_nitens_GLDP1pro,673,689,+,9.25,6.53E-05,0.0968,gaaagacacgtatgcaa
MA1236.1,ESE3,At_GLDP1pro,37,55,+,8.0625,6.55E-05,0.0634,TTGCAGCATTGGTGGCTGA
MA1184.1,RVE1,M_nitens_GLDP1pro,980,993,-,11.875,6.56E-05,0.133,CCATAAATATCATA
MA1166.1,PHL12,M_nitens_GLDP1pro,81,94,+,10.027,6.56E-05,0.386,atggcgaatctttt
MA0954.1,ATHB-7,At_GLDP1pro,385,394,+,12.0667,6.56E-05,0.39,TCAATCATGT
MA0584.1,Sep-01,M_nitens_GLDP1pro,255,272,-,11.3372,6.58E-05,0.391,CTTCCCAAAATTAGTCTT
MA1335.1,TGA4,At_GLDP1pro,199,209,-,10.25,6.60E-05,0.394,AGACATCATCC
MA1285.1,At2g45680,At_GLDP1pro,1120,1140,-,4.23529,6.63E-05,0.223,TCCCCTCTAATGGGACATACG
MA1159.1,SGR5,At_GLDP1pro,735,749,+,10.4688,6.66E-05,0.194,AGAAAAAGACGAACC
MA1228.1,AT4G18450,M_nitens_GLDP1pro,616,632,+,5.32812,6.67E-05,0.0658,gcggaggagcctgcggt
MA1026.2,ATHB15,At_GLDP1pro,237,251,-,11.0923,6.69E-05,0.398,AATAGTAATAATGAA
MA1184.1,RVE1,M_nitens_GLDP1pro,1153,1166,+,11.8438,6.75E-05,0.133,ctaaaaatatcaaa
MA1373.1,IDD2,At_GLDP1pro,1649,1663,-,8.21519,6.75E-05,0.112,CAGAAAACGAAGAGA
MA1038.1,MYB3,M_nitens_GLDP1pro,1060,1070,-,11.1833,6.78E-05,0.405,GGGTTGGTGAA
MA1180.1,MYB3R4,M_nitens_GLDP1pro,294,308,+,11,6.80E-05,0.224,gtaattagccgtttg
MA0941.1,ABF2,M_nitens_GLDP1pro,674,686,+,11.2667,6.81E-05,0.0753,aaagacacgtatg
MA1000.2,ERF105,M_nitens_GLDP1pro,75,89,+,5.5625,6.82E-05,0.101,tttgcgatggcgaat
MA1247.1,ERF087,At_GLDP1pro,805,819,-,7.26562,6.82E-05,0.135,AGGTGGCGGAATGCG
UN0381.1,ZAT6,At_GLDP1pro,384,395,-,10.3559,6.83E-05,0.406,AACATGATTGAT
MA1253.1,AT3G16280,At_GLDP1pro,1303,1316,+,10.6406,6.90E-05,0.409,AGATGTCGGAGATC
MA1267.1,AT5G66940,M_nitens_GLDP1pro,850,878,-,10.9375,6.90E-05,0.0657,TTTTTTTTTTTGTAACCTTTTCATTTCCT
MA1394.2,MYB73,At_GLDP1pro,1516,1527,+,11.2,6.92E-05,0.413,TCAACGGTCCGT
MA1278.1,OBP1,At_GLDP1pro,1041,1061,+,11.2344,6.94E-05,0.1,TTCTATTTTTTCGTACTTTTT
MA0552.1,PIF1,M_nitens_GLDP1pro,1196,1209,+,10.1507,6.96E-05,0.0936,gtcttgggacgtga
MA1174.1,MYB56,M_nitens_GLDP1pro,155,169,-,11.4375,6.98E-05,0.414,TTAGTTAACTGTATT
MA1279.1,COG1,At_GLDP1pro,276,296,-,11.2344,6.99E-05,0.136,AGAAAAAAGAAAAAGGCATGC
MA1351.1,GBF3,M_nitens_GLDP1pro,1022,1036,-,6.34375,7.02E-05,0.139,TTCCACGTGTATCGC
MA1351.1,GBF3,At_GLDP1pro,1372,1386,-,6.34375,7.02E-05,0.139,TTCCACGTGTATCGC
MA1052.1,RAP2-6,M_nitens_GLDP1pro,644,651,+,8.52326,7.02E-05,0.205,ccggcgac
MA0979.1,ERF008,M_nitens_GLDP1pro,645,652,+,10.9492,7.02E-05,0.418,cggcgacc
MA0566.1,MYC2,M_nitens_GLDP1pro,1027,1034,+,11.4375,7.02E-05,0.0699,acacgtgg
MA0566.1,MYC2,M_nitens_GLDP1pro,1027,1034,-,11.4375,7.02E-05,0.0699,CCACGTGT
MA0566.1,MYC2,At_GLDP1pro,1377,1384,+,11.4375,7.02E-05,0.0699,ACACGTGG
MA0566.1,MYC2,At_GLDP1pro,1377,1384,-,11.4375,7.02E-05,0.0699,CCACGTGT
MA1680.1,RVE7,M_nitens_GLDP1pro,979,992,-,11.266,7.05E-05,0.171,CATAAATATCATAT
MA0973.1,CDF2,At_GLDP1pro,176,185,-,10.381,7.07E-05,0.146,CAAAAAGCAA
UN0364.1,ERF011,M_nitens_GLDP1pro,1246,1259,+,10.1702,7.07E-05,0.255,cttcaccaaccaat
MA0549.1,BZR2,M_nitens_GLDP1pro,677,687,+,9.46835,7.09E-05,0.106,gacacgtatgc
MA0994.1,ERF8,M_nitens_GLDP1pro,640,649,-,10.75,7.12E-05,0.425,CGCCGGAGGG
MA1327.2,ATHB23,At_GLDP1pro,421,430,+,11.1833,7.13E-05,0.426,ATAATTAATT
UN0349.1,ANAC096,M_nitens_GLDP1pro,660,683,-,6.81667,7.14E-05,0.14,ACGTGTCTTTCATGCGAAGCTATG
MA0575.1,F3A4.140,M_nitens_GLDP1pro,522,534,-,10.7722,7.15E-05,0.426,CATCTGCAGTTAC
MA1334.1,GBF6,M_nitens_GLDP1pro,676,690,+,6.0625,7.15E-05,0.426,agacacgtatgcaat
MA0944.1,ARF8,At_GLDP1pro,1304,1312,+,11.1667,7.17E-05,0.422,GATGTCGGA
MA1017.1,GATA8,M_nitens_GLDP1pro,1114,1122,+,10.1667,7.17E-05,0.178,gagatccac
MA1182.1,At3g09600,M_nitens_GLDP1pro,1153,1164,-,11.7031,7.17E-05,0.212,TGATATTTTTAG
MA1329.2,ZHD1,At_GLDP1pro,418,430,+,11.447,7.20E-05,0.214,CAAATAATTAATT
MA1245.1,AT2G33710,At_GLDP1pro,805,819,+,7.32812,7.21E-05,0.107,CGCATTCCGCCACCT
MA1323.1,GATA19,M_nitens_GLDP1pro,60,70,-,10.8904,7.22E-05,0.43,GAGATCCGCTC
MA1252.1,PUCHI,At_GLDP1pro,805,819,+,7.42188,7.26E-05,0.0859,CGCATTCCGCCACCT
UN0369.1,NAC004,At_GLDP1pro,124,147,+,9.32812,7.28E-05,0.292,ATTTCTTGAGCAAGAAGATGAGTG
MA1358.1,bHLH130,At_GLDP1pro,160,170,-,10.8082,7.28E-05,0.432,AACAACTTGAA
MA0008.1,HAT5,M_nitens_GLDP1pro,970,977,-,11.9612,7.35E-05,0.438,CAATTATT
MA0951.1,ATHB-16,At_GLDP1pro,1337,1344,-,11.375,7.35E-05,0.439,TAATCATT
MA1255.1,AT1G22810,At_GLDP1pro,1397,1411,-,8.59375,7.37E-05,0.109,GATGTGGTTGGTGAA
MA1273.1,dof4.2,At_GLDP1pro,732,750,+,11.125,7.38E-05,0.0958,TGAAGAAAAAGACGAACCC
UN0347.1,ANAC075,M_nitens_GLDP1pro,408,431,+,8.89062,7.38E-05,0.146,ggaaaagcgtttcaacgaagtttc
MA1374.1,IDD7,At_GLDP1pro,879,896,-,8.8125,7.39E-05,0.215,AAGATAACAACAAATAAA
MA0976.2,CRF4,At_GLDP1pro,43,54,-,8.56383,7.41E-05,0.128,CAGCCACCAATG
MA0110.3,ATHB-5,At_GLDP1pro,384,395,+,10,7.44E-05,0.441,ATCAATCATGTT
MA0976.2,CRF4,M_nitens_GLDP1pro,581,592,-,8.55319,7.45E-05,0.128,TTGCCACCACAT
MA1049.1,ERF094,At_GLDP1pro,812,819,+,9.36667,7.48E-05,0.171,CGCCACCT
MA1281.1,AT5G02460,At_GLDP1pro,274,294,-,10.9062,7.49E-05,0.0862,AAAAAAGAAAAAGGCATGCCT
MA1180.1,MYB3R4,At_GLDP1pro,1516,1530,-,10.7656,7.51E-05,0.224,CTCACGGACCGTTGA
MA1178.1,MYB3R1,M_nitens_GLDP1pro,294,308,+,11.1406,7.53E-05,0.448,gtaattagccgtttg
MA1285.1,At2g45680,At_GLDP1pro,1372,1392,+,3.80882,7.55E-05,0.223,GCGATACACGTGGAATCTGCA
MA1236.1,ESE3,M_nitens_GLDP1pro,611,629,+,7.70312,7.55E-05,0.0634,cgaatgcggaggagcctgc
MA0941.1,ABF2,M_nitens_GLDP1pro,719,731,-,11.0833,7.58E-05,0.0753,TTGAGCACGTGTC
MA0560.1,PIF3,M_nitens_GLDP1pro,1025,1034,+,10.1719,7.59E-05,0.0905,atacacgtgg
MA0560.1,PIF3,At_GLDP1pro,1375,1384,+,10.1719,7.59E-05,0.0905,ATACACGTGG
MA1027.1,KAN1,At_GLDP1pro,518,525,+,8.75556,7.59E-05,0.227,GCATATTC
MA1244.1,ABR1,At_GLDP1pro,38,56,+,7.96875,7.60E-05,0.0893,TGCAGCATTGGTGGCTGAA
MA0559.1,PI,At_GLDP1pro,284,297,-,10.625,7.61E-05,0.146,AAGAAAAAAGAAAA
MA1172.1,MYB3R5,M_nitens_GLDP1pro,293,307,+,10.6562,7.61E-05,0.223,agtaattagccgttt
MA1233.2,ERF021,At_GLDP1pro,1303,1317,-,10.1827,7.62E-05,0.226,GGATCTCCGACATCT
MA1221.1,RAP26,At_GLDP1pro,46,60,+,7.59375,7.64E-05,0.0938,TGGTGGCTGAAGGAG
MA0550.2,BZR1,M_nitens_GLDP1pro,718,737,+,6.71875,7.66E-05,0.0648,tgacacgtgctcaatgtatt
MA1401.1,EPR1,M_nitens_GLDP1pro,1127,1138,-,10.625,7.66E-05,0.18,AAAAATATCAAA
MA1401.1,EPR1,M_nitens_GLDP1pro,1155,1166,+,10.625,7.66E-05,0.18,aaaaatatcaaa
MA1222.1,AT1G44830,At_GLDP1pro,805,819,+,6.85938,7.72E-05,0.229,CGCATTCCGCCACCT
MA1259.1,AT1G01250,At_GLDP1pro,1301,1315,+,7.875,7.73E-05,0.46,AGAGATGTCGGAGAT
MA1006.1,ERF6,M_nitens_GLDP1pro,641,650,+,1.55,7.75E-05,0.263,cctccggcga
UN0372.1,NAC031,At_GLDP1pro,121,144,+,8.73333,7.81E-05,0.462,CGGATTTCTTGAGCAAGAAGATGA
MA1183.1,RVE6,M_nitens_GLDP1pro,1129,1139,+,11.1719,7.82E-05,0.462,tgatatttttt
MA0984.1,DOF5.7,At_GLDP1pro,507,514,-,9.10938,7.82E-05,0.462,AAAAGGCG
MA0570.2,ABF1,M_nitens_GLDP1pro,674,685,-,9.90426,7.82E-05,0.116,ATACGTGTCTTT
MA0948.1,ARR18,M_nitens_GLDP1pro,83,95,-,10.8,7.85E-05,0.467,CAAAAGATTCGCC
MA0552.1,PIF1,At_GLDP1pro,1377,1390,-,9.76712,7.87E-05,0.0936,CAGATTCCACGTGT
MA1260.1,AT1G77640,At_GLDP1pro,1295,1315,+,5.92188,7.88E-05,0.141,TAATTAAGAGATGTCGGAGAT
MA0983.1,DOF5.6,At_GLDP1pro,509,516,-,8.04167,7.89E-05,0.156,CGAAAAGG
MA0940.1,AP1,M_nitens_GLDP1pro,866,878,+,10.7206,7.91E-05,0.258,acaaaaaaaaaaa
MA1221.1,RAP26,At_GLDP1pro,805,819,-,7.5,7.91E-05,0.0938,AGGTGGCGGAATGCG
MA0973.1,CDF2,At_GLDP1pro,1053,1062,-,10.3143,7.93E-05,0.146,AAAAAAGTAC
MA1251.1,DEAR5,At_GLDP1pro,1304,1322,-,6.34375,7.94E-05,0.471,AAATTGGATCTCCGACATC
UN0344.1,ANAC028,At_GLDP1pro,121,133,-,11.1442,7.98E-05,0.256,CTCAAGAAATCCG
UN0367.1,MYB58,At_GLDP1pro,1023,1039,-,10.0855,8.02E-05,0.0672,TTATGCACCAAATCCTT
MA0574.1,MYB15,At_GLDP1pro,1517,1529,+,2.68354,8.04E-05,0.24,CAACGGTCCGTGA
MA1287.1,TCP21,At_GLDP1pro,1119,1132,-,7.35938,8.04E-05,0.239,AATGGGACATACGT
MA0008.2,HAT5,M_nitens_GLDP1pro,968,979,-,10.8367,8.09E-05,0.482,TTCAATTATTCA
MA1382.1,FAR1,M_nitens_GLDP1pro,717,731,+,5.01562,8.09E-05,0.481,ttgacacgtgctcaa
MA1333.1,BEH3,M_nitens_GLDP1pro,676,686,-,5.125,8.09E-05,0.069,CATACGTGTCT
MA1242.1,AT3G57600,At_GLDP1pro,44,54,-,6.875,8.10E-05,0.0964,CAGCCACCAAT
MA1231.1,ERF15,M_nitens_GLDP1pro,610,624,-,6.65625,8.11E-05,0.0961,CTCCTCCGCATTCGT
MA1211.1,ATHB18,At_GLDP1pro,1335,1345,-,11.4925,8.11E-05,0.484,CTAATCATTTT
MA1240.1,ERF10,At_GLDP1pro,801,821,+,6.79688,8.15E-05,0.0601,GAAACGCATTCCGCCACCTAA
MA0962.1,BHLH34,M_nitens_GLDP1pro,720,727,+,11.4167,8.16E-05,0.122,acacgtgc
MA1680.1,RVE7,M_nitens_GLDP1pro,1126,1139,-,10.8404,8.17E-05,0.171,AAAAAATATCAAAT
MA1339.1,bZIP43,M_nitens_GLDP1pro,719,730,+,2.97674,8.18E-05,0.244,gacacgtgctca
MA1264.1,ESE1,M_nitens_GLDP1pro,76,90,+,6.14062,8.19E-05,0.084,ttgcgatggcgaatc
MA1074.1,UNE10,M_nitens_GLDP1pro,1027,1034,+,11.5,8.20E-05,0.0867,acacgtgg
MA1074.1,UNE10,At_GLDP1pro,1377,1384,+,11.5,8.20E-05,0.0867,ACACGTGG
MA1342.1,bZIP50,At_GLDP1pro,196,212,-,6.96875,8.25E-05,0.491,AGCAGACATCATCCCAG
MA1273.1,dof4.2,At_GLDP1pro,1664,1682,-,10.9375,8.26E-05,0.0958,TGGGAAAAAAGGTTGCAGT
MA1238.2,ERF38,At_GLDP1pro,1303,1315,-,9.71429,8.30E-05,0.494,ATCTCCGACATCT
MA0993.1,ERF7,M_nitens_GLDP1pro,640,649,-,10.459,8.39E-05,0.491,CGCCGGAGGG
MA1346.1,TGA10,At_GLDP1pro,197,211,+,8.42188,8.40E-05,0.5,TGGGATGATGTCTGC
MA1041.1,MYB55,M_nitens_GLDP1pro,1250,1257,+,10.734,8.41E-05,0.188,accaacca
MA1041.1,MYB55,At_GLDP1pro,1400,1407,+,10.734,8.41E-05,0.188,ACCAACCA
MA0974.2,CDF3,At_GLDP1pro,230,241,-,10.9833,8.42E-05,0.496,ATGAAAAGTGAT
MA0996.1,ERF043,At_GLDP1pro,1306,1313,+,6.80233,8.42E-05,0.496,TGTCGGAG
MA1338.1,AREB3,At_GLDP1pro,1375,1389,-,2.78125,8.43E-05,0.09,AGATTCCACGTGTAT
MA1062.2,TCP15,At_GLDP1pro,711,729,-,7.82558,8.43E-05,0.261,ATGCATGGGAACCATCGTC
MA1198.1,HAT2,At_GLDP1pro,1336,1346,-,11.4375,8.45E-05,0.504,GCTAATCATTT
MA1246.1,LEP,M_nitens_GLDP1pro,495,515,-,6.71875,8.50E-05,0.0826,CCCGTAGCCACCGTTGTTACC
MA1065.2,TCP20,At_GLDP1pro,711,729,-,7.88333,8.52E-05,0.257,ATGCATGGGAACCATCGTC
MA0565.1,FUS3,M_nitens_GLDP1pro,611,619,+,9.91139,8.53E-05,0.509,cgaatgcgg
MA1227.2,ERF027,At_GLDP1pro,1302,1316,-,10.4712,8.53E-05,0.507,GATCTCCGACATCTC
MA1248.1,DREB26,M_nitens_GLDP1pro,1236,1255,+,6.45312,8.55E-05,0.251,aatacaacctcttcaccaac
MA1291.1,TCP7,M_nitens_GLDP1pro,619,629,-,5.53125,8.55E-05,0.51,GCAGGCTCCTC
UN0364.1,ERF011,At_GLDP1pro,1396,1409,+,9.76596,8.57E-05,0.255,TTTCACCAACCACA
MA1195.1,AT5G56840,At_GLDP1pro,702,716,-,10.7031,8.60E-05,0.506,ATCGTCATCCATATA
MA1390.1,HHO2,M_nitens_GLDP1pro,86,98,-,10.7344,8.61E-05,0.512,AAACAAAAGATTC
MA1049.1,ERF094,At_GLDP1pro,46,53,-,8.46667,8.63E-05,0.171,AGCCACCA
MA0976.2,CRF4,M_nitens_GLDP1pro,76,87,-,8.2234,8.63E-05,0.128,TCGCCATCGCAA
UN0344.1,ANAC028,M_nitens_GLDP1pro,289,301,+,11.0288,8.64E-05,0.256,tacaagtaattag
MA1234.1,ERF017,M_nitens_GLDP1pro,3,16,-,9.59375,8.68E-05,0.517,TTGGACGGCCAGAA
MA0937.1,NAC055,M_nitens_GLDP1pro,678,685,+,11.1111,8.70E-05,0.26,acacgtat
MA0937.1,NAC055,M_nitens_GLDP1pro,689,696,-,11.1111,8.70E-05,0.26,ACACGTAT
MA1074.1,UNE10,M_nitens_GLDP1pro,720,727,-,10.9333,8.70E-05,0.0867,GCACGTGT
MA1065.2,TCP20,At_GLDP1pro,711,729,+,7.83333,8.70E-05,0.257,GACGATGGTTCCCATGCAT
MA1245.2,AT2G33710,M_nitens_GLDP1pro,625,635,-,8.56962,8.73E-05,0.141,TCCACCGCAGG
MA1680.1,RVE7,M_nitens_GLDP1pro,1154,1167,+,10.6383,8.74E-05,0.171,taaaaatatcaaaa
MA0590.1,LFY,At_GLDP1pro,1510,1528,+,7.25,8.75E-05,0.26,TTATATTCAACGGTCCGTG
MA0590.1,LFY,At_GLDP1pro,1510,1528,-,7.25,8.75E-05,0.26,CACGGACCGTTGAATATAA
MA1002.1,ERF112,M_nitens_GLDP1pro,642,651,-,10.7333,8.75E-05,0.269,GTCGCCGGAG
MA1071.1,DOF5.3,M_nitens_GLDP1pro,408,414,+,7.09836,8.76E-05,0.262,ggaaaag
MA1071.1,DOF5.3,At_GLDP1pro,624,630,-,7.09836,8.76E-05,0.262,GGAAAAG
MA1005.2,ERF3,At_GLDP1pro,45,55,-,8.19643,8.78E-05,0.174,TCAGCCACCAA
MA1678.1,NTL8,M_nitens_GLDP1pro,659,682,-,8.25,8.79E-05,0.13,CGTGTCTTTCATGCGAAGCTATGC
MA0973.1,CDF2,M_nitens_GLDP1pro,653,662,+,10.2,8.82E-05,0.146,caaaaagcat
MA1266.1,RAP211,M_nitens_GLDP1pro,635,649,+,8.76562,8.83E-05,0.263,aagagccctccggcg
MA0963.1,BHLH78,M_nitens_GLDP1pro,720,727,+,10.6752,8.84E-05,0.264,acacgtgc
MA0963.1,BHLH78,M_nitens_GLDP1pro,720,727,-,10.6752,8.84E-05,0.264,GCACGTGT
MA1006.1,ERF6,M_nitens_GLDP1pro,641,650,-,1.16667,8.84E-05,0.263,TCGCCGGAGG
MA1062.2,TCP15,At_GLDP1pro,711,729,+,7.7093,8.84E-05,0.261,GACGATGGTTCCCATGCAT
MA1373.1,IDD2,M_nitens_GLDP1pro,865,879,+,7.41772,8.85E-05,0.112,tacaaaaaaaaaaaa
MA0940.1,AP1,At_GLDP1pro,289,301,-,10.5441,8.86E-05,0.258,CCAAAAGAAAAAA
MA1225.1,ERF5,At_GLDP1pro,46,60,-,7.21875,8.89E-05,0.0585,CTCCTTCAGCCACCA
MA1190.1,RVE5,M_nitens_GLDP1pro,1129,1139,+,10.9219,8.90E-05,0.262,tgatatttttt
MA1246.1,LEP,At_GLDP1pro,38,58,-,6.59375,8.91E-05,0.0826,CCTTCAGCCACCAATGCTGCA
MA1061.1,SPT,M_nitens_GLDP1pro,719,727,+,10.7833,8.93E-05,0.133,gacacgtgc
MA1206.1,ARF2,At_GLDP1pro,1304,1313,-,11.1719,8.93E-05,0.516,CTCCGACATC
MA1017.1,GATA8,At_GLDP1pro,1311,1319,+,9.93333,8.96E-05,0.178,GAGATCCAA
MA1404.1,BPC1,At_GLDP1pro,1639,1662,-,-1.90625,8.97E-05,0.0634,AGAAAACGAAGAGAGTAAGAGAGA
MA1244.1,ABR1,M_nitens_GLDP1pro,495,513,+,7.53125,9.03E-05,0.0893,ggtaacaacggtggctacg
MA1666.1,HSFB2B,At_GLDP1pro,513,526,+,7.73438,9.03E-05,0.267,TTCGAGCATATTCT
MA1219.1,CEJ1,M_nitens_GLDP1pro,626,640,-,8.25,9.06E-05,0.179,GCTCTTCCACCGCAG
MA1236.1,ESE3,At_GLDP1pro,810,828,-,7.23438,9.07E-05,0.0665,TGATAAATTAGGTGGCGGA
MA1002.1,ERF112,M_nitens_GLDP1pro,640,649,+,10.6833,9.07E-05,0.269,ccctccggcg
MA1338.1,AREB3,M_nitens_GLDP1pro,1025,1039,-,2.48438,9.08E-05,0.09,AAATTCCACGTGTAT
MA1244.1,ABR1,At_GLDP1pro,809,827,-,7.51562,9.08E-05,0.0893,GATAAATTAGGTGGCGGAA
MA1237.1,AT4G16750,M_nitens_GLDP1pro,639,653,+,9.40625,9.10E-05,0.541,gccctccggcgaccc
MA0974.1,CDF3,At_GLDP1pro,231,239,-,10.2333,9.12E-05,0.541,GAAAAGTGA
MA1286.1,TCP24,M_nitens_GLDP1pro,953,964,-,6.64062,9.15E-05,0.272,AGGTGGACCAAA
MA1336.1,TGA3,At_GLDP1pro,200,213,+,6.875,9.17E-05,0.546,GATGATGTCTGCTC
MA1401.1,EPR1,M_nitens_GLDP1pro,980,991,-,9.98438,9.18E-05,0.18,ATAAATATCATA
MA1264.1,ESE1,M_nitens_GLDP1pro,614,628,+,5.78125,9.21E-05,0.084,atgcggaggagcctg
MA1024.1,HAT1,At_GLDP1pro,1336,1345,-,11.4333,9.23E-05,0.55,CTAATCATTT
MA1265.1,ERF015,M_nitens_GLDP1pro,615,634,-,7.25,9.30E-05,0.55,CCACCGCAGGCTCCTCCGCA
MA0945.1,ARR1,At_GLDP1pro,1554,1563,-,9.61667,9.31E-05,0.185,AGGGAATCTG
MA1235.1,AIL7,M_nitens_GLDP1pro,1198,1208,-,10.6094,9.32E-05,0.277,CACGTCCCAAG
MA1235.1,AIL7,At_GLDP1pro,1487,1497,-,10.6094,9.32E-05,0.277,CACGTCCCAAG
UN0358.1,ATMYB13,M_nitens_GLDP1pro,1068,1083,+,9.8547,9.34E-05,0.11,cccaaccccaacccca
UN0358.1,ATMYB13,M_nitens_GLDP1pro,1074,1089,+,9.8547,9.34E-05,0.11,cccaaccccaacccca
MA1391.1,MYB33,M_nitens_GLDP1pro,109,119,+,11.0781,9.39E-05,0.56,ttaactgaatc
MA1041.1,MYB55,M_nitens_GLDP1pro,1063,1070,+,10.5745,9.41E-05,0.188,accaaccc
MA0001.2,AGL3,M_nitens_GLDP1pro,255,272,-,10.6835,9.47E-05,0.561,CTTCCCAAAATTAGTCTT
MA1167.1,EFM,At_GLDP1pro,516,526,-,10.8438,9.49E-05,0.566,AGAATATGCTC
MA0549.1,BZR2,M_nitens_GLDP1pro,719,729,+,8.44304,9.50E-05,0.113,gacacgtgctc
MA0941.1,ABF2,M_nitens_GLDP1pro,1026,1038,-,10.7667,9.51E-05,0.081,AATTCCACGTGTA
MA1264.1,ESE1,At_GLDP1pro,94,108,+,5.67188,9.55E-05,0.084,ACATGGCGCTTGTGG
MA1245.2,AT2G33710,At_GLDP1pro,45,55,-,8.35443,9.55E-05,0.141,TCAGCCACCAA
MA1260.1,AT1G77640,At_GLDP1pro,1397,1417,-,5.09375,9.56E-05,0.141,GGCTCGGATGTGGTTGGTGAA
MA0560.1,PIF3,M_nitens_GLDP1pro,718,727,+,9.46875,9.61E-05,0.0956,tgacacgtgc
MA0562.1,PIF5,M_nitens_GLDP1pro,1027,1034,+,3.11765,9.61E-05,0.144,acacgtgg
MA0562.1,PIF5,At_GLDP1pro,1377,1384,+,3.11765,9.61E-05,0.144,ACACGTGG
MA0552.1,PIF1,M_nitens_GLDP1pro,1027,1040,-,9.06849,9.61E-05,0.0953,CAAATTCCACGTGT
MA0110.1,ATHB-5,M_nitens_GLDP1pro,970,978,-,11.1685,9.70E-05,0.579,TCAATTATT
MA1257.1,ERF9,M_nitens_GLDP1pro,608,628,+,6.35938,9.72E-05,0.0715,aaacgaatgcggaggagcctg
MA1373.1,IDD2,At_GLDP1pro,166,180,-,7.12658,9.73E-05,0.112,AGCAATAAGAAACAA
MA1215.1,ATHB53,At_GLDP1pro,418,428,+,10.9545,9.73E-05,0.289,CAAATAATTAA
MA1215.1,ATHB53,At_GLDP1pro,1291,1301,+,10.9545,9.73E-05,0.289,CAAATAATTAA
MA1281.1,AT5G02460,At_GLDP1pro,1657,1677,-,10.4688,9.73E-05,0.0933,AAAAAGGTTGCAGTCAGAAAA
MA1324.1,GATA20,At_GLDP1pro,1313,1320,-,10.0759,9.74E-05,0.583,ATTGGATC
MA1245.1,AT2G33710,M_nitens_GLDP1pro,503,517,-,6.48438,9.77E-05,0.116,TCCCCGTAGCCACCG
MA1187.1,LCL1,M_nitens_GLDP1pro,1145,1154,-,9.84375,9.79E-05,0.578,AGATTTTTTT
MA1185.1,LHY1,M_nitens_GLDP1pro,1129,1138,+,11.0938,9.80E-05,0.293,tgatattttt
MA1185.1,LHY1,M_nitens_GLDP1pro,1155,1164,-,11.0938,9.80E-05,0.293,TGATATTTTT
MA1228.1,AT4G18450,M_nitens_GLDP1pro,628,644,+,3.98438,9.82E-05,0.083,gcggtggaagagccctc
MA1246.1,LEP,M_nitens_GLDP1pro,609,629,-,6.32812,9.82E-05,0.0826,GCAGGCTCCTCCGCATTCGTT
MA0565.2,FUS3,M_nitens_GLDP1pro,18,27,-,9.55,9.83E-05,0.583,TTACATGCGT
MA1053.1,ERF109,At_GLDP1pro,811,818,+,8.79787,9.84E-05,0.291,CCGCCACC
UN0369.1,NAC004,M_nitens_GLDP1pro,411,434,+,8.60938,9.87E-05,0.292,aaagcgtttcaacgaagtttcttt
MA1169.1,MYB105,M_nitens_GLDP1pro,152,164,+,10.4177,9.92E-05,0.592,tccaatacagtta
MA0973.1,CDF2,M_nitens_GLDP1pro,408,417,+,10.1238,9.93E-05,0.146,ggaaaagcgt
MA1264.1,ESE1,At_GLDP1pro,808,822,-,5.54688,9.94E-05,0.084,ATTAGGTGGCGGAAT
MA1278.1,OBP1,M_nitens_GLDP1pro,858,878,-,10.7656,9.94E-05,0.115,TTTTTTTTTTTGTAACCTTTT
MA1330.1,ZHD6,M_nitens_GLDP1pro,290,304,+,11.0441,9.95E-05,0.592,acaagtaattagccg
UN0363.1,ERF003,M_nitens_GLDP1pro,501,513,-,7.77215,9.99E-05,0.148,CGTAGCCACCGTT
# FIMO (Find Individual Motif Occurrences): Version 5.0.2 compiled on Nov 18 2018 at 13:51:15,,,,,,,,,
# The format of this file is described at http://meme-suite.org/doc/fimo-output-format.html.,,,,,,,,,
# fimo -o M_nitens_At_GLDP1pro -bfile M_nitens_At_GLDP1pro.bg JASPAR.meme M_nitens_At_GLDP1pro.fa,,,,,,,,,